Polygon,X0,56.3549,Y0,5.33252,X1,464.777,Y1,51.0537,X2,450.516,Y2,420.668,X3,412.282,Y3,494.357,X4,187.895,Y4,470.791,X5,59.2966,Y5,395.961,X6,3.34,Y6,331.967,X7,7.31803,Y7,130.751,X8,56.3549,Y8,5.33252,,,,,,,,,,,,
Ellipse,CenterX,64.5026,CenterY,87.9907,R1,29.0924,R2,3.14537,Orienation,6.21937,,,,,,,,,,,,,,,,,,,,,,,,,,,,,,,,,,,,,,
Ellipse,CenterX,38.8417,CenterY,350.666,R1,22.8577,R2,3.21975,Orienation,3.69649,,,,,,,,,,,,,,,,,,,,,,,,,,,,,,,,,,,,,,
Polygon,X0,491.39,Y0,11.5957,X1,401.724,Y1,213.19,X2,337.305,Y2,269.538,X3,162.839,Y3,419.547,X4,62.9094,Y4,481.367,X5,28.1666,Y5,75.3352,X6,414.134,Y6,22.0999,X7,491.39,Y7,11.5957,,,,,,,,,,,,,,,,
Square,CenterX,169.054,CenterY,456.956,Side Length,96.914,Orienation,4.604,,,,,,,,,,,,,,,,,,,,,,,,,,,,,,,,,,,,,,,,
Circle,CenterX,416.969,CenterY,310.689,Radius,25.9733,,,,,,,,,,,,,,,,,,,,,,,,,,,,,,,,,,,,,,,,,,
Square,CenterX,293.579,CenterY,12.421,Side Length,11.7988,Orienation,3.81723,,,,,,,,,,,,,,,,,,,,,,,,,,,,,,,,,,,,,,,,
Circle,CenterX,104.165,CenterY,163.166,Radius,22.3883,,,,,,,,,,,,,,,,,,,,,,,,,,,,,,,,,,,,,,,,,,
Square,CenterX,479.518,CenterY,397.081,Side Length,93.1828,Orienation,0.948898,,,,,,,,,,,,,,,,,,,,,,,,,,,,,,,,,,,,,,,,
Polygon,X0,286.985,Y0,69.231,X1,458.838,Y1,150.919,X2,387.991,Y2,383.332,X3,133.579,Y3,423.857,X4,41.7108,Y4,329.424,X5,158.201,Y5,111.443,X6,286.985,Y6,69.231,,,,,,,,,,,,,,,,,,,,
Equilateral Triangle,CenterX,336.977,CenterY,179.681,Side Length,63.9548,Orienation,4.52731,,,,,,,,,,,,,,,,,,,,,,,,,,,,,,,,,,,,,,,,
Equilateral Triangle,CenterX,167.374,CenterY,251.337,Side Length,76.287,Orienation,0.712375,,,,,,,,,,,,,,,,,,,,,,,,,,,,,,,,,,,,,,,,
Circle,CenterX,3.67187,CenterY,452.662,Radius,90.8688,,,,,,,,,,,,,,,,,,,,,,,,,,,,,,,,,,,,,,,,,,
Circle,CenterX,115.36,CenterY,387.414,Radius,80.0502,,,,,,,,,,,,,,,,,,,,,,,,,,,,,,,,,,,,,,,,,,
Ellipse,CenterX,103.958,CenterY,334.722,R1,20.564,R2,37.2926,Orienation,2.74736,,,,,,,,,,,,,,,,,,,,,,,,,,,,,,,,,,,,,,
Polygon,X0,283.167,Y0,331.255,X1,355.085,Y1,350.197,X2,498.035,Y2,492.592,X3,362.402,Y3,491.912,X4,161,Y4,459.232,X5,82.2335,Y5,405.788,X6,146.976,Y6,338.132,X7,283.167,Y7,331.255,,,,,,,,,,,,,,,,
Polygon,X0,9.7049,Y0,2.51016,X1,347.735,Y1,16.0559,X2,478.395,Y2,202.951,X3,427.241,Y3,448.118,X4,0.530099,Y4,449.772,X5,9.7049,Y5,2.51016,,,,,,,,,,,,,,,,,,,,,,,,
Circle,CenterX,9.8971,CenterY,196.927,Radius,92.276,,,,,,,,,,,,,,,,,,,,,,,,,,,,,,,,,,,,,,,,,,
Circle,CenterX,314.796,CenterY,178.656,Radius,41.0649,,,,,,,,,,,,,,,,,,,,,,,,,,,,,,,,,,,,,,,,,,
Circle,CenterX,429.17,CenterY,288.445,Radius,11.3367,,,,,,,,,,,,,,,,,,,,,,,,,,,,,,,,,,,,,,,,,,
Ellipse,CenterX,447.951,CenterY,270.436,R1,15.4724,R2,10.33,Orienation,4.63257,,,,,,,,,,,,,,,,,,,,,,,,,,,,,,,,,,,,,,
Ellipse,CenterX,262.409,CenterY,309.91,R1,31.6029,R2,27.8895,Orienation,5.70169,,,,,,,,,,,,,,,,,,,,,,,,,,,,,,,,,,,,,,
Ellipse,CenterX,299.266,CenterY,323.01,R1,19.3338,R2,38.4888,Orienation,3.20465,,,,,,,,,,,,,,,,,,,,,,,,,,,,,,,,,,,,,,
Ellipse,CenterX,149.006,CenterY,141.217,R1,1.83049,R2,9.97826,Orienation,5.7508,,,,,,,,,,,,,,,,,,,,,,,,,,,,,,,,,,,,,,
Ellipse,CenterX,475.699,CenterY,350.873,R1,6.07841,R2,22.4987,Orienation,4.86976,,,,,,,,,,,,,,,,,,,,,,,,,,,,,,,,,,,,,,
Circle,CenterX,362.242,CenterY,363.872,Radius,61.5246,,,,,,,,,,,,,,,,,,,,,,,,,,,,,,,,,,,,,,,,,,
Circle,CenterX,73.6026,CenterY,229.08,Radius,18.3056,,,,,,,,,,,,,,,,,,,,,,,,,,,,,,,,,,,,,,,,,,
Square,CenterX,71.4168,CenterY,390.265,Side Length,4.49682,Orienation,4.12709,,,,,,,,,,,,,,,,,,,,,,,,,,,,,,,,,,,,,,,,
Square,CenterX,22.9862,CenterY,26.0287,Side Length,48.4899,Orienation,4.95187,,,,,,,,,,,,,,,,,,,,,,,,,,,,,,,,,,,,,,,,
Polygon,X0,458.288,Y0,10.187,X1,475.451,Y1,52.1448,X2,492.497,Y2,140.199,X3,317.278,Y3,498.847,X4,129.083,Y4,482.312,X5,71.4056,Y5,399.341,X6,23.6935,Y6,185.418,X7,47.7122,Y7,87.1174,X8,458.288,Y8,10.187,,,,,,,,,,,,
Equilateral Triangle,CenterX,452.511,CenterY,445.026,Side Length,26.8574,Orienation,4.14791,,,,,,,,,,,,,,,,,,,,,,,,,,,,,,,,,,,,,,,,
Ellipse,CenterX,411.036,CenterY,371.592,R1,16.3001,R2,11.4414,Orienation,4.50854,,,,,,,,,,,,,,,,,,,,,,,,,,,,,,,,,,,,,,
Circle,CenterX,449.698,CenterY,271.985,Radius,9.31602,,,,,,,,,,,,,,,,,,,,,,,,,,,,,,,,,,,,,,,,,,
Polygon,X0,244.998,Y0,57.5827,X1,376.209,Y1,111.935,X2,485.72,Y2,191.453,X3,393.26,Y3,476.1,X4,29.0164,Y4,495.942,X5,126.669,Y5,105.429,X6,244.998,Y6,57.5827,,,,,,,,,,,,,,,,,,,,
Square,CenterX,383.515,CenterY,488.385,Side Length,89.5663,Orienation,1.25142,,,,,,,,,,,,,,,,,,,,,,,,,,,,,,,,,,,,,,,,
Equilateral Triangle,CenterX,477.269,CenterY,193.692,Side Length,24.2843,Orienation,5.86084,,,,,,,,,,,,,,,,,,,,,,,,,,,,,,,,,,,,,,,,
Circle,CenterX,412.795,CenterY,260.332,Radius,27.9407,,,,,,,,,,,,,,,,,,,,,,,,,,,,,,,,,,,,,,,,,,
Square,CenterX,221.527,CenterY,330.926,Side Length,1.66469,Orienation,5.40292,,,,,,,,,,,,,,,,,,,,,,,,,,,,,,,,,,,,,,,,
Square,CenterX,383.656,CenterY,219.594,Side Length,37.9578,Orienation,5.84237,,,,,,,,,,,,,,,,,,,,,,,,,,,,,,,,,,,,,,,,
Ellipse,CenterX,56.4497,CenterY,331.148,R1,5.95808,R2,29.7842,Orienation,0.479474,,,,,,,,,,,,,,,,,,,,,,,,,,,,,,,,,,,,,,
Polygon,X0,423.86,Y0,114.237,X1,134.501,Y1,464.69,X2,188.931,Y2,201.147,X3,423.86,Y3,114.237,,,,,,,,,,,,,,,,,,,,,,,,,,,,,,,,
Equilateral Triangle,CenterX,110.072,CenterY,149.023,Side Length,32.5308,Orienation,6.23479,,,,,,,,,,,,,,,,,,,,,,,,,,,,,,,,,,,,,,,,
Equilateral Triangle,CenterX,40.8823,CenterY,109.557,Side Length,76.8809,Orienation,5,,,,,,,,,,,,,,,,,,,,,,,,,,,,,,,,,,,,,,,,
Equilateral Triangle,CenterX,392.051,CenterY,263.058,Side Length,99.1759,Orienation,4.38164,,,,,,,,,,,,,,,,,,,,,,,,,,,,,,,,,,,,,,,,
Polygon,X0,351.998,Y0,75.5317,X1,497.231,Y1,202.103,X2,406.771,Y2,484.665,X3,195.748,Y3,499.391,X4,158.592,Y4,450.649,X5,57.7362,Y5,296.099,X6,104.199,Y6,236.444,X7,191.128,Y7,146.679,X8,351.998,Y8,75.5317,,,,,,,,,,,,
Square,CenterX,62.0638,CenterY,304.776,Side Length,70.0635,Orienation,4.54001,,,,,,,,,,,,,,,,,,,,,,,,,,,,,,,,,,,,,,,,
Ellipse,CenterX,371.092,CenterY,205.391,R1,20.0251,R2,14.1611,Orienation,5.74459,,,,,,,,,,,,,,,,,,,,,,,,,,,,,,,,,,,,,,
Polygon,X0,382.096,Y0,9.8665,X1,442.326,Y1,112.761,X2,450.436,Y2,371.663,X3,246.461,Y3,402.333,X4,1.6412,Y4,256.009,X5,292.347,Y5,63.2754,X6,382.096,Y6,9.8665,,,,,,,,,,,,,,,,,,,,
Equilateral Triangle,CenterX,268.081,CenterY,443.813,Side Length,96.5112,Orienation,0.462051,,,,,,,,,,,,,,,,,,,,,,,,,,,,,,,,,,,,,,,,
Polygon,X0,189.566,Y0,1.35292,X1,260.31,Y1,62.5092,X2,405.643,Y2,494.171,X3,170.491,Y3,498.216,X4,13.9406,Y4,426.274,X5,3.18954,Y5,219.257,X6,189.566,Y6,1.35292,,,,,,,,,,,,,,,,,,,,
Square,CenterX,336.731,CenterY,220.8,Side Length,36.8305,Orienation,5.46373,,,,,,,,,,,,,,,,,,,,,,,,,,,,,,,,,,,,,,,,
Equilateral Triangle,CenterX,160.986,CenterY,50.3677,Side Length,40.2152,Orienation,5.37448,,,,,,,,,,,,,,,,,,,,,,,,,,,,,,,,,,,,,,,,
Ellipse,CenterX,111.565,CenterY,217.386,R1,46.3343,R2,6.38297,Orienation,4.8791,,,,,,,,,,,,,,,,,,,,,,,,,,,,,,,,,,,,,,
Ellipse,CenterX,287.439,CenterY,215.338,R1,35.0777,R2,27.6642,Orienation,4.19969,,,,,,,,,,,,,,,,,,,,,,,,,,,,,,,,,,,,,,
Ellipse,CenterX,284.13,CenterY,487.215,R1,17.3466,R2,37.6613,Orienation,2.25241,,,,,,,,,,,,,,,,,,,,,,,,,,,,,,,,,,,,,,
Polygon,X0,213.384,Y0,21.5665,X1,427.407,Y1,355.992,X2,439.266,Y2,476.893,X3,208.586,Y3,435.154,X4,125.311,Y4,211.538,X5,144.998,Y5,105.199,X6,213.384,Y6,21.5665,,,,,,,,,,,,,,,,,,,,
Ellipse,CenterX,102.714,CenterY,173.744,R1,4.23977,R2,48.5715,Orienation,2.23396,,,,,,,,,,,,,,,,,,,,,,,,,,,,,,,,,,,,,,
Ellipse,CenterX,72.1446,CenterY,19.2181,R1,11.1193,R2,33.1538,Orienation,1.61461,,,,,,,,,,,,,,,,,,,,,,,,,,,,,,,,,,,,,,
Equilateral Triangle,CenterX,236.993,CenterY,217.431,Side Length,64.3763,Orienation,2.22391,,,,,,,,,,,,,,,,,,,,,,,,,,,,,,,,,,,,,,,,
Ellipse,CenterX,305.445,CenterY,488.3,R1,2.23378,R2,42.0123,Orienation,1.37938,,,,,,,,,,,,,,,,,,,,,,,,,,,,,,,,,,,,,,
Polygon,X0,89.3702,Y0,5.50347,X1,268.167,Y1,46.0153,X2,231.68,Y2,377.651,X3,62.9121,Y3,497.622,X4,52.0668,Y4,46.5726,X5,89.3702,Y5,5.50347,,,,,,,,,,,,,,,,,,,,,,,,
Equilateral Triangle,CenterX,218.173,CenterY,311.051,Side Length,49.09,Orienation,4.66428,,,,,,,,,,,,,,,,,,,,,,,,,,,,,,,,,,,,,,,,
Polygon,X0,168.707,Y0,6.99703,X1,419.736,Y1,37.4858,X2,429.355,Y2,77.8079,X3,464.048,Y3,470.087,X4,174.86,Y4,475.093,X5,129.597,Y5,302.418,X6,168.707,Y6,6.99703,,,,,,,,,,,,,,,,,,,,
Circle,CenterX,423.809,CenterY,294.561,Radius,0.258202,,,,,,,,,,,,,,,,,,,,,,,,,,,,,,,,,,,,,,,,,,
Ellipse,CenterX,255.47,CenterY,75.2461,R1,2.92033,R2,30.5821,Orienation,3.16016,,,,,,,,,,,,,,,,,,,,,,,,,,,,,,,,,,,,,,
Square,CenterX,156.517,CenterY,388.555,Side Length,1.12414,Orienation,2.68867,,,,,,,,,,,,,,,,,,,,,,,,,,,,,,,,,,,,,,,,
Equilateral Triangle,CenterX,171.741,CenterY,295.661,Side Length,87.9327,Orienation,2.35996,,,,,,,,,,,,,,,,,,,,,,,,,,,,,,,,,,,,,,,,
Square,CenterX,255.734,CenterY,239.631,Side Length,96.1368,Orienation,4.96707,,,,,,,,,,,,,,,,,,,,,,,,,,,,,,,,,,,,,,,,
Equilateral Triangle,CenterX,173.25,CenterY,469.916,Side Length,32.2477,Orienation,0.680144,,,,,,,,,,,,,,,,,,,,,,,,,,,,,,,,,,,,,,,,
Ellipse,CenterX,273.244,CenterY,199.062,R1,24.5252,R2,21.0092,Orienation,2.77066,,,,,,,,,,,,,,,,,,,,,,,,,,,,,,,,,,,,,,
Ellipse,CenterX,374.687,CenterY,419.53,R1,45.6348,R2,5.85317,Orienation,5.93223,,,,,,,,,,,,,,,,,,,,,,,,,,,,,,,,,,,,,,
Square,CenterX,76.307,CenterY,159.965,Side Length,87.5005,Orienation,2.22921,,,,,,,,,,,,,,,,,,,,,,,,,,,,,,,,,,,,,,,,
Polygon,X0,329.33,Y0,101.465,X1,373.836,Y1,196.896,X2,288.741,Y2,428.298,X3,105.744,Y3,322.187,X4,329.33,Y4,101.465,,,,,,,,,,,,,,,,,,,,,,,,,,,,
Ellipse,CenterX,57.3511,CenterY,313.489,R1,31.8894,R2,31.7125,Orienation,6.20731,,,,,,,,,,,,,,,,,,,,,,,,,,,,,,,,,,,,,,
Equilateral Triangle,CenterX,303.278,CenterY,80.1203,Side Length,11.6269,Orienation,6.24368,,,,,,,,,,,,,,,,,,,,,,,,,,,,,,,,,,,,,,,,
Ellipse,CenterX,311.485,CenterY,476.488,R1,1.47261,R2,40.0988,Orienation,2.40126,,,,,,,,,,,,,,,,,,,,,,,,,,,,,,,,,,,,,,
Equilateral Triangle,CenterX,286.998,CenterY,136.166,Side Length,83.2628,Orienation,0.862565,,,,,,,,,,,,,,,,,,,,,,,,,,,,,,,,,,,,,,,,
Circle,CenterX,223.247,CenterY,488.261,Radius,16.6523,,,,,,,,,,,,,,,,,,,,,,,,,,,,,,,,,,,,,,,,,,
Equilateral Triangle,CenterX,107.092,CenterY,396.019,Side Length,72.3756,Orienation,4.02766,,,,,,,,,,,,,,,,,,,,,,,,,,,,,,,,,,,,,,,,
Circle,CenterX,219.654,CenterY,115.472,Radius,78.4773,,,,,,,,,,,,,,,,,,,,,,,,,,,,,,,,,,,,,,,,,,
Polygon,X0,227.151,Y0,55.1459,X1,428.072,Y1,165.224,X2,439.595,Y2,174.879,X3,472.744,Y3,298.283,X4,489.222,Y4,409.095,X5,473.617,Y5,496.487,X6,343.553,Y6,468.195,X7,73.217,Y7,374.373,X8,31.9484,Y8,194.603,X9,53.0487,Y9,78.6495,X10,227.151,Y10,55.1459,,,,
Circle,CenterX,483.665,CenterY,114.094,Radius,90.2738,,,,,,,,,,,,,,,,,,,,,,,,,,,,,,,,,,,,,,,,,,
Polygon,X0,186.274,Y0,17.3252,X1,444.825,Y1,62.5796,X2,376.721,Y2,200.081,X3,93.5344,Y3,498.441,X4,20.4976,Y4,282.84,X5,155.263,Y5,46.8106,X6,186.274,Y6,17.3252,,,,,,,,,,,,,,,,,,,,
Polygon,X0,439.792,Y0,30.8832,X1,473.513,Y1,230.773,X2,472.144,Y2,414.778,X3,427.359,Y3,495.494,X4,46.947,Y4,444.542,X5,48.7595,Y5,33.9022,X6,439.792,Y6,30.8832,,,,,,,,,,,,,,,,,,,,
Circle,CenterX,201.959,CenterY,402.337,Radius,39.7922,,,,,,,,,,,,,,,,,,,,,,,,,,,,,,,,,,,,,,,,,,
Ellipse,CenterX,402.983,CenterY,113.697,R1,37.5041,R2,45.587,Orienation,4.98867,,,,,,,,,,,,,,,,,,,,,,,,,,,,,,,,,,,,,,
Circle,CenterX,272.146,CenterY,429.705,Radius,16.5256,,,,,,,,,,,,,,,,,,,,,,,,,,,,,,,,,,,,,,,,,,
Equilateral Triangle,CenterX,451.589,CenterY,290.689,Side Length,0.81093,Orienation,0.405081,,,,,,,,,,,,,,,,,,,,,,,,,,,,,,,,,,,,,,,,
Circle,CenterX,186.242,CenterY,18.8756,Radius,41.097,,,,,,,,,,,,,,,,,,,,,,,,,,,,,,,,,,,,,,,,,,
Polygon,X0,8.24059,Y0,8.78243,X1,210.416,Y1,74.1923,X2,380.332,Y2,165.111,X3,462.6,Y3,404.977,X4,402.735,Y4,471.079,X5,149.278,Y5,489.881,X6,8.24059,Y6,8.78243,,,,,,,,,,,,,,,,,,,,
Square,CenterX,120.953,CenterY,465.097,Side Length,54.2102,Orienation,5.91946,,,,,,,,,,,,,,,,,,,,,,,,,,,,,,,,,,,,,,,,
Equilateral Triangle,CenterX,445.548,CenterY,266.667,Side Length,70.03,Orienation,4.99188,,,,,,,,,,,,,,,,,,,,,,,,,,,,,,,,,,,,,,,,
Circle,CenterX,444.858,CenterY,256.805,Radius,49.4455,,,,,,,,,,,,,,,,,,,,,,,,,,,,,,,,,,,,,,,,,,
Equilateral Triangle,CenterX,37.8772,CenterY,174.791,Side Length,51.934,Orienation,1.88373,,,,,,,,,,,,,,,,,,,,,,,,,,,,,,,,,,,,,,,,
Circle,CenterX,415.788,CenterY,492.536,Radius,32.8784,,,,,,,,,,,,,,,,,,,,,,,,,,,,,,,,,,,,,,,,,,
Square,CenterX,305.681,CenterY,482.154,Side Length,22.4387,Orienation,1.35471,,,,,,,,,,,,,,,,,,,,,,,,,,,,,,,,,,,,,,,,
Ellipse,CenterX,106.367,CenterY,398.145,R1,45.1905,R2,1.78604,Orienation,5.81774,,,,,,,,,,,,,,,,,,,,,,,,,,,,,,,,,,,,,,
Circle,CenterX,347.141,CenterY,290.17,Radius,14.9251,,,,,,,,,,,,,,,,,,,,,,,,,,,,,,,,,,,,,,,,,,
Equilateral Triangle,CenterX,359.625,CenterY,189.162,Side Length,93.7658,Orienation,0.130259,,,,,,,,,,,,,,,,,,,,,,,,,,,,,,,,,,,,,,,,
Ellipse,CenterX,292.669,CenterY,241.017,R1,47.9259,R2,10.4426,Orienation,1.77141,,,,,,,,,,,,,,,,,,,,,,,,,,,,,,,,,,,,,,
Equilateral Triangle,CenterX,327.126,CenterY,95.2936,Side Length,26.4213,Orienation,2.90462,,,,,,,,,,,,,,,,,,,,,,,,,,,,,,,,,,,,,,,,
Equilateral Triangle,CenterX,292.887,CenterY,482.926,Side Length,55.866,Orienation,5.2064,,,,,,,,,,,,,,,,,,,,,,,,,,,,,,,,,,,,,,,,
Polygon,X0,380.228,Y0,0.347682,X1,494.021,Y1,214.806,X2,497.127,Y2,232.278,X3,471.921,Y3,479.823,X4,41.8096,Y4,474.309,X5,8.62901,Y5,221.141,X6,55.6981,Y6,139.989,X7,333.964,Y7,9.18038,X8,380.228,Y8,0.347682,,,,,,,,,,,,
Polygon,X0,370.73,Y0,24.653,X1,493.673,Y1,181.367,X2,413.353,Y2,477.953,X3,39.8032,Y3,497.16,X4,15.4315,Y4,490.948,X5,24.6549,Y5,36.1577,X6,370.73,Y6,24.653,,,,,,,,,,,,,,,,,,,,
Circle,CenterX,61.017,CenterY,448.936,Radius,19.4531,,,,,,,,,,,,,,,,,,,,,,,,,,,,,,,,,,,,,,,,,,
Ellipse,CenterX,129.739,CenterY,410.923,R1,46.4264,R2,29.9396,Orienation,0.621258,,,,,,,,,,,,,,,,,,,,,,,,,,,,,,,,,,,,,,
Square,CenterX,418.227,CenterY,71.7591,Side Length,95.4197,Orienation,1.12745,,,,,,,,,,,,,,,,,,,,,,,,,,,,,,,,,,,,,,,,
Square,CenterX,284.407,CenterY,98.6764,Side Length,87.8519,Orienation,2.03217,,,,,,,,,,,,,,,,,,,,,,,,,,,,,,,,,,,,,,,,
Polygon,X0,438.052,Y0,43.4015,X1,233.426,Y1,130.006,X2,89.1242,Y2,101.889,X3,9.30752,Y3,73.8225,X4,438.052,Y4,43.4015,,,,,,,,,,,,,,,,,,,,,,,,,,,,
Ellipse,CenterX,93.1842,CenterY,136.466,R1,35.255,R2,42.4306,Orienation,3.21599,,,,,,,,,,,,,,,,,,,,,,,,,,,,,,,,,,,,,,
Polygon,X0,350.688,Y0,45.4645,X1,399.602,Y1,133.083,X2,467.442,Y2,363.119,X3,394.45,Y3,499.781,X4,74.1408,Y4,457.28,X5,58.4591,Y5,422.266,X6,95.2314,Y6,334.794,X7,274.685,Y7,104.246,X8,350.688,Y8,45.4645,,,,,,,,,,,,
Circle,CenterX,194.09,CenterY,198.72,Radius,80.6555,,,,,,,,,,,,,,,,,,,,,,,,,,,,,,,,,,,,,,,,,,
Equilateral Triangle,CenterX,360.82,CenterY,243.045,Side Length,45.5622,Orienation,5.30164,,,,,,,,,,,,,,,,,,,,,,,,,,,,,,,,,,,,,,,,
Equilateral Triangle,CenterX,16.3194,CenterY,444.214,Side Length,28.5171,Orienation,1.08882,,,,,,,,,,,,,,,,,,,,,,,,,,,,,,,,,,,,,,,,
Equilateral Triangle,CenterX,88.7498,CenterY,280.181,Side Length,42.0977,Orienation,2.71317,,,,,,,,,,,,,,,,,,,,,,,,,,,,,,,,,,,,,,,,
Square,CenterX,77.8992,CenterY,246.748,Side Length,67.7321,Orienation,4.30743,,,,,,,,,,,,,,,,,,,,,,,,,,,,,,,,,,,,,,,,
Polygon,X0,78.4269,Y0,2.44322,X1,362.032,Y1,75.3057,X2,411.206,Y2,93.2423,X3,461.183,Y3,353.986,X4,471.737,Y4,499.603,X5,184.433,Y5,487.224,X6,41.2403,Y6,387.346,X7,0.181288,Y7,174.736,X8,78.4269,Y8,2.44322,,,,,,,,,,,,
Ellipse,CenterX,17.3839,CenterY,422.937,R1,14.6629,R2,34.2752,Orienation,4.14897,,,,,,,,,,,,,,,,,,,,,,,,,,,,,,,,,,,,,,
Circle,CenterX,77.3973,CenterY,113.087,Radius,90.8781,,,,,,,,,,,,,,,,,,,,,,,,,,,,,,,,,,,,,,,,,,
Equilateral Triangle,CenterX,165.338,CenterY,384.13,Side Length,85.9234,Orienation,2.79618,,,,,,,,,,,,,,,,,,,,,,,,,,,,,,,,,,,,,,,,
Square,CenterX,288.309,CenterY,134.764,Side Length,75.5831,Orienation,2.34775,,,,,,,,,,,,,,,,,,,,,,,,,,,,,,,,,,,,,,,,
Ellipse,CenterX,296.93,CenterY,4.15126,R1,18.6052,R2,48.8699,Orienation,1.99787,,,,,,,,,,,,,,,,,,,,,,,,,,,,,,,,,,,,,,
Circle,CenterX,25.4428,CenterY,182.713,Radius,70.2342,,,,,,,,,,,,,,,,,,,,,,,,,,,,,,,,,,,,,,,,,,
Equilateral Triangle,CenterX,418.559,CenterY,417.917,Side Length,63.6832,Orienation,5.11719,,,,,,,,,,,,,,,,,,,,,,,,,,,,,,,,,,,,,,,,
Circle,CenterX,358.243,CenterY,200.848,Radius,99.3545,,,,,,,,,,,,,,,,,,,,,,,,,,,,,,,,,,,,,,,,,,
Square,CenterX,362.714,CenterY,170.865,Side Length,19.5785,Orienation,0.704191,,,,,,,,,,,,,,,,,,,,,,,,,,,,,,,,,,,,,,,,
Square,CenterX,224.69,CenterY,68.3228,Side Length,9.55088,Orienation,2.50977,,,,,,,,,,,,,,,,,,,,,,,,,,,,,,,,,,,,,,,,
Circle,CenterX,110.039,CenterY,415.719,Radius,68.1944,,,,,,,,,,,,,,,,,,,,,,,,,,,,,,,,,,,,,,,,,,
Circle,CenterX,42.707,CenterY,226.366,Radius,0.827186,,,,,,,,,,,,,,,,,,,,,,,,,,,,,,,,,,,,,,,,,,
Circle,CenterX,472.559,CenterY,324.347,Radius,33.6718,,,,,,,,,,,,,,,,,,,,,,,,,,,,,,,,,,,,,,,,,,
Ellipse,CenterX,336.425,CenterY,11.5252,R1,6.34905,R2,11.8449,Orienation,4.92435,,,,,,,,,,,,,,,,,,,,,,,,,,,,,,,,,,,,,,
Ellipse,CenterX,227.64,CenterY,340.073,R1,27.6983,R2,23.8708,Orienation,3.93386,,,,,,,,,,,,,,,,,,,,,,,,,,,,,,,,,,,,,,
Ellipse,CenterX,307.095,CenterY,268.07,R1,8.42855,R2,6.65119,Orienation,1.15301,,,,,,,,,,,,,,,,,,,,,,,,,,,,,,,,,,,,,,
Circle,CenterX,125.887,CenterY,494.477,Radius,40.394,,,,,,,,,,,,,,,,,,,,,,,,,,,,,,,,,,,,,,,,,,
Equilateral Triangle,CenterX,304.688,CenterY,479.873,Side Length,90.8063,Orienation,5.05485,,,,,,,,,,,,,,,,,,,,,,,,,,,,,,,,,,,,,,,,
Square,CenterX,130.225,CenterY,88.4911,Side Length,76.2754,Orienation,5.14552,,,,,,,,,,,,,,,,,,,,,,,,,,,,,,,,,,,,,,,,
Circle,CenterX,248.703,CenterY,391.676,Radius,18.1058,,,,,,,,,,,,,,,,,,,,,,,,,,,,,,,,,,,,,,,,,,
Ellipse,CenterX,216.663,CenterY,395.332,R1,29.0414,R2,26.6451,Orienation,5.78913,,,,,,,,,,,,,,,,,,,,,,,,,,,,,,,,,,,,,,
Circle,CenterX,270.304,CenterY,491.167,Radius,6.37144,,,,,,,,,,,,,,,,,,,,,,,,,,,,,,,,,,,,,,,,,,
Ellipse,CenterX,50.2773,CenterY,346.409,R1,40.8139,R2,24.8482,Orienation,2.67246,,,,,,,,,,,,,,,,,,,,,,,,,,,,,,,,,,,,,,
Ellipse,CenterX,196.776,CenterY,339.868,R1,49.2618,R2,44.8689,Orienation,5.52201,,,,,,,,,,,,,,,,,,,,,,,,,,,,,,,,,,,,,,
Ellipse,CenterX,195.354,CenterY,25.6895,R1,11.8508,R2,24.8491,Orienation,2.64138,,,,,,,,,,,,,,,,,,,,,,,,,,,,,,,,,,,,,,
Ellipse,CenterX,187.882,CenterY,245.05,R1,4.13561,R2,29.3553,Orienation,4.68555,,,,,,,,,,,,,,,,,,,,,,,,,,,,,,,,,,,,,,
Equilateral Triangle,CenterX,394.619,CenterY,59.1516,Side Length,6.33615,Orienation,4.15151,,,,,,,,,,,,,,,,,,,,,,,,,,,,,,,,,,,,,,,,
Ellipse,CenterX,356.579,CenterY,197.925,R1,46.8303,R2,11.7497,Orienation,5.8292,,,,,,,,,,,,,,,,,,,,,,,,,,,,,,,,,,,,,,
Square,CenterX,120.585,CenterY,277.01,Side Length,96.6317,Orienation,4.23078,,,,,,,,,,,,,,,,,,,,,,,,,,,,,,,,,,,,,,,,
Circle,CenterX,413.797,CenterY,61.053,Radius,75.1746,,,,,,,,,,,,,,,,,,,,,,,,,,,,,,,,,,,,,,,,,,
Ellipse,CenterX,173.422,CenterY,350.105,R1,44.4608,R2,30.9116,Orienation,0.40121,,,,,,,,,,,,,,,,,,,,,,,,,,,,,,,,,,,,,,
Equilateral Triangle,CenterX,484.502,CenterY,328.433,Side Length,41.448,Orienation,2.29454,,,,,,,,,,,,,,,,,,,,,,,,,,,,,,,,,,,,,,,,
Square,CenterX,85.968,CenterY,201.778,Side Length,54.0297,Orienation,1.50883,,,,,,,,,,,,,,,,,,,,,,,,,,,,,,,,,,,,,,,,
Square,CenterX,34.7734,CenterY,138.696,Side Length,17.166,Orienation,4.61694,,,,,,,,,,,,,,,,,,,,,,,,,,,,,,,,,,,,,,,,
Circle,CenterX,20.5423,CenterY,384.718,Radius,90.5148,,,,,,,,,,,,,,,,,,,,,,,,,,,,,,,,,,,,,,,,,,
Circle,CenterX,452.542,CenterY,146.118,Radius,93.9403,,,,,,,,,,,,,,,,,,,,,,,,,,,,,,,,,,,,,,,,,,
Polygon,X0,185.16,Y0,2.12101,X1,389.903,Y1,7.05596,X2,414.59,Y2,155.765,X3,441.31,Y3,339.23,X4,307.171,Y4,474.668,X5,149.246,Y5,482.821,X6,32.786,Y6,119.234,X7,37.2978,Y7,27.2393,X8,185.16,Y8,2.12101,,,,,,,,,,,,
Equilateral Triangle,CenterX,268.813,CenterY,331.988,Side Length,50.5581,Orienation,4.89819,,,,,,,,,,,,,,,,,,,,,,,,,,,,,,,,,,,,,,,,
Polygon,X0,325.383,Y0,45.7305,X1,37.3565,Y1,255.812,X2,122.342,Y2,159.548,X3,325.383,Y3,45.7305,,,,,,,,,,,,,,,,,,,,,,,,,,,,,,,,
Polygon,X0,209.891,Y0,6.62551,X1,425.535,Y1,17.2795,X2,429.618,Y2,36.2303,X3,470.278,Y3,240.896,X4,446.808,Y4,388.453,X5,417.008,Y5,480.147,X6,208.856,Y6,491.517,X7,147.582,Y7,459.726,X8,15.1309,Y8,209.299,X9,75.8816,Y9,91.0485,X10,162.023,Y10,8.32168,X11,209.891,Y11,6.62551
Ellipse,CenterX,391.963,CenterY,364.814,R1,14.3926,R2,37.739,Orienation,5.82457,,,,,,,,,,,,,,,,,,,,,,,,,,,,,,,,,,,,,,
Equilateral Triangle,CenterX,488.891,CenterY,220.328,Side Length,36.1562,Orienation,0.121214,,,,,,,,,,,,,,,,,,,,,,,,,,,,,,,,,,,,,,,,
Circle,CenterX,84.4694,CenterY,339.793,Radius,77.282,,,,,,,,,,,,,,,,,,,,,,,,,,,,,,,,,,,,,,,,,,
Square,CenterX,457.988,CenterY,36.0078,Side Length,79.8976,Orienation,5.40646,,,,,,,,,,,,,,,,,,,,,,,,,,,,,,,,,,,,,,,,
Circle,CenterX,392.114,CenterY,45.996,Radius,46.4172,,,,,,,,,,,,,,,,,,,,,,,,,,,,,,,,,,,,,,,,,,
Ellipse,CenterX,473.852,CenterY,206.595,R1,32.8444,R2,2.95086,Orienation,0.596325,,,,,,,,,,,,,,,,,,,,,,,,,,,,,,,,,,,,,,
Equilateral Triangle,CenterX,191.134,CenterY,432.631,Side Length,91.3417,Orienation,4.79248,,,,,,,,,,,,,,,,,,,,,,,,,,,,,,,,,,,,,,,,
Ellipse,CenterX,406.022,CenterY,371.491,R1,14.5752,R2,31.5067,Orienation,1.22217,,,,,,,,,,,,,,,,,,,,,,,,,,,,,,,,,,,,,,
Equilateral Triangle,CenterX,305.784,CenterY,135.865,Side Length,5.57762,Orienation,2.79084,,,,,,,,,,,,,,,,,,,,,,,,,,,,,,,,,,,,,,,,
Equilateral Triangle,CenterX,241.684,CenterY,4.78315,Side Length,10.9074,Orienation,0.182461,,,,,,,,,,,,,,,,,,,,,,,,,,,,,,,,,,,,,,,,
Square,CenterX,401.924,CenterY,29.4474,Side Length,47.9996,Orienation,1.87644,,,,,,,,,,,,,,,,,,,,,,,,,,,,,,,,,,,,,,,,
Equilateral Triangle,CenterX,319.746,CenterY,416.219,Side Length,73.5057,Orienation,3.67851,,,,,,,,,,,,,,,,,,,,,,,,,,,,,,,,,,,,,,,,
Equilateral Triangle,CenterX,472.388,CenterY,278.086,Side Length,85.3537,Orienation,4.30391,,,,,,,,,,,,,,,,,,,,,,,,,,,,,,,,,,,,,,,,
Circle,CenterX,311.253,CenterY,170.377,Radius,6.7703,,,,,,,,,,,,,,,,,,,,,,,,,,,,,,,,,,,,,,,,,,
Equilateral Triangle,CenterX,390.51,CenterY,22.7068,Side Length,25.9409,Orienation,1.95259,,,,,,,,,,,,,,,,,,,,,,,,,,,,,,,,,,,,,,,,
Ellipse,CenterX,175.169,CenterY,326.427,R1,29.452,R2,39.636,Orienation,3.79564,,,,,,,,,,,,,,,,,,,,,,,,,,,,,,,,,,,,,,
Ellipse,CenterX,470.467,CenterY,305.807,R1,5.51856,R2,4.41242,Orienation,3.45518,,,,,,,,,,,,,,,,,,,,,,,,,,,,,,,,,,,,,,
Ellipse,CenterX,146.79,CenterY,140.872,R1,2.61144,R2,30.5637,Orienation,0.660724,,,,,,,,,,,,,,,,,,,,,,,,,,,,,,,,,,,,,,
Square,CenterX,146.295,CenterY,145.54,Side Length,76.3243,Orienation,3.4568,,,,,,,,,,,,,,,,,,,,,,,,,,,,,,,,,,,,,,,,
Polygon,X0,419.016,Y0,4.64994,X1,440.15,Y1,18.2926,X2,460.327,Y2,386.714,X3,186.892,Y3,260.145,X4,2.02142,Y4,147.507,X5,334.552,Y5,10.7718,X6,419.016,Y6,4.64994,,,,,,,,,,,,,,,,,,,,
Equilateral Triangle,CenterX,352.948,CenterY,432.738,Side Length,65.4636,Orienation,0.193372,,,,,,,,,,,,,,,,,,,,,,,,,,,,,,,,,,,,,,,,
Equilateral Triangle,CenterX,167.131,CenterY,221.3,Side Length,72.8346,Orienation,3.56365,,,,,,,,,,,,,,,,,,,,,,,,,,,,,,,,,,,,,,,,
Square,CenterX,83.3884,CenterY,367.68,Side Length,6.39048,Orienation,4.93417,,,,,,,,,,,,,,,,,,,,,,,,,,,,,,,,,,,,,,,,
Ellipse,CenterX,213.764,CenterY,145.585,R1,0.537305,R2,3.37142,Orienation,4.64855,,,,,,,,,,,,,,,,,,,,,,,,,,,,,,,,,,,,,,
Equilateral Triangle,CenterX,482.622,CenterY,201.245,Side Length,12.6175,Orienation,1.77593,,,,,,,,,,,,,,,,,,,,,,,,,,,,,,,,,,,,,,,,
Circle,CenterX,483.184,CenterY,343.008,Radius,8.76692,,,,,,,,,,,,,,,,,,,,,,,,,,,,,,,,,,,,,,,,,,
Circle,CenterX,169.597,CenterY,332.951,Radius,20.9148,,,,,,,,,,,,,,,,,,,,,,,,,,,,,,,,,,,,,,,,,,
Ellipse,CenterX,492.942,CenterY,428.081,R1,13.4833,R2,22.5559,Orienation,4.6207,,,,,,,,,,,,,,,,,,,,,,,,,,,,,,,,,,,,,,
Circle,CenterX,184.548,CenterY,66.1977,Radius,22.565,,,,,,,,,,,,,,,,,,,,,,,,,,,,,,,,,,,,,,,,,,
Polygon,X0,278.665,Y0,19.8834,X1,475.974,Y1,190.512,X2,496.529,Y2,312.356,X3,443.639,Y3,434.14,X4,295.252,Y4,478.227,X5,3.73653,Y5,445.781,X6,5.51949,Y6,44.5495,X7,278.665,Y7,19.8834,,,,,,,,,,,,,,,,
Ellipse,CenterX,360.665,CenterY,376.785,R1,1.64388,R2,31.351,Orienation,4.61886,,,,,,,,,,,,,,,,,,,,,,,,,,,,,,,,,,,,,,
Polygon,X0,278.923,Y0,15.5951,X1,430.027,Y1,138.178,X2,413.831,Y2,474.266,X3,336.131,Y3,473.057,X4,214.004,Y4,380.991,X5,236.007,Y5,164.623,X6,278.923,Y6,15.5951,,,,,,,,,,,,,,,,,,,,
Circle,CenterX,125.194,CenterY,374.998,Radius,79.4711,,,,,,,,,,,,,,,,,,,,,,,,,,,,,,,,,,,,,,,,,,
Equilateral Triangle,CenterX,7.54309,CenterY,212.982,Side Length,95.9207,Orienation,2.62367,,,,,,,,,,,,,,,,,,,,,,,,,,,,,,,,,,,,,,,,
Square,CenterX,74.6707,CenterY,483.486,Side Length,51.1182,Orienation,0.406956,,,,,,,,,,,,,,,,,,,,,,,,,,,,,,,,,,,,,,,,
Square,CenterX,376.318,CenterY,478.604,Side Length,34.4886,Orienation,0.425442,,,,,,,,,,,,,,,,,,,,,,,,,,,,,,,,,,,,,,,,
Circle,CenterX,218.015,CenterY,78.9561,Radius,95.5314,,,,,,,,,,,,,,,,,,,,,,,,,,,,,,,,,,,,,,,,,,
Equilateral Triangle,CenterX,88.8533,CenterY,72.0197,Side Length,38.9705,Orienation,5.28522,,,,,,,,,,,,,,,,,,,,,,,,,,,,,,,,,,,,,,,,
Square,CenterX,140.88,CenterY,455.112,Side Length,56.6756,Orienation,0.249606,,,,,,,,,,,,,,,,,,,,,,,,,,,,,,,,,,,,,,,,
Circle,CenterX,360.617,CenterY,167.644,Radius,77.1342,,,,,,,,,,,,,,,,,,,,,,,,,,,,,,,,,,,,,,,,,,
Circle,CenterX,429.394,CenterY,249.41,Radius,68.4832,,,,,,,,,,,,,,,,,,,,,,,,,,,,,,,,,,,,,,,,,,
Square,CenterX,17.0145,CenterY,459.355,Side Length,94.4105,Orienation,6.07924,,,,,,,,,,,,,,,,,,,,,,,,,,,,,,,,,,,,,,,,
Circle,CenterX,356.206,CenterY,136.447,Radius,72.8561,,,,,,,,,,,,,,,,,,,,,,,,,,,,,,,,,,,,,,,,,,
Square,CenterX,324.825,CenterY,8.35196,Side Length,75.8707,Orienation,0.0148636,,,,,,,,,,,,,,,,,,,,,,,,,,,,,,,,,,,,,,,,
Equilateral Triangle,CenterX,86.4784,CenterY,91.3553,Side Length,45.8517,Orienation,2.768,,,,,,,,,,,,,,,,,,,,,,,,,,,,,,,,,,,,,,,,
Ellipse,CenterX,318.749,CenterY,121.288,R1,40.8165,R2,40.3339,Orienation,6.09445,,,,,,,,,,,,,,,,,,,,,,,,,,,,,,,,,,,,,,
Equilateral Triangle,CenterX,44.4027,CenterY,422.788,Side Length,47.8482,Orienation,2.56544,,,,,,,,,,,,,,,,,,,,,,,,,,,,,,,,,,,,,,,,
Circle,CenterX,347.217,CenterY,165.267,Radius,1.89603,,,,,,,,,,,,,,,,,,,,,,,,,,,,,,,,,,,,,,,,,,
Polygon,X0,1.04382,Y0,31.7584,X1,113.465,Y1,32.9759,X2,442.833,Y2,62.2538,X3,487.093,Y3,484.479,X4,207.594,Y4,394.549,X5,1.04382,Y5,31.7584,,,,,,,,,,,,,,,,,,,,,,,,
Ellipse,CenterX,358.414,CenterY,420.865,R1,27.4088,R2,45.0817,Orienation,2.80156,,,,,,,,,,,,,,,,,,,,,,,,,,,,,,,,,,,,,,
Square,CenterX,167.015,CenterY,360.273,Side Length,5.68261,Orienation,5.99887,,,,,,,,,,,,,,,,,,,,,,,,,,,,,,,,,,,,,,,,
Equilateral Triangle,CenterX,352.866,CenterY,125.104,Side Length,48.512,Orienation,2.36734,,,,,,,,,,,,,,,,,,,,,,,,,,,,,,,,,,,,,,,,
Polygon,X0,360.296,Y0,70.5761,X1,460.864,Y1,238.685,X2,454.38,Y2,364.919,X3,120.224,Y3,295.174,X4,360.296,Y4,70.5761,,,,,,,,,,,,,,,,,,,,,,,,,,,,
Equilateral Triangle,CenterX,392.992,CenterY,227.978,Side Length,92.0865,Orienation,4.78925,,,,,,,,,,,,,,,,,,,,,,,,,,,,,,,,,,,,,,,,
Polygon,X0,194.871,Y0,33.101,X1,371.638,Y1,40.5321,X2,440.867,Y2,168.149,X3,459.667,Y3,215.476,X4,497.038,Y4,369.257,X5,455.623,Y5,467.438,X6,369.446,Y6,488.586,X7,31.7659,Y7,432.385,X8,3.35513,Y8,40.9551,X9,194.871,Y9,33.101,,,,,,,,
Polygon,X0,391.628,Y0,2.5188,X1,470.932,Y1,329.216,X2,359.516,Y2,463.678,X3,290.295,Y3,489.133,X4,134.491,Y4,458.848,X5,13.0192,Y5,272.198,X6,40.0248,Y6,183.821,X7,172.908,Y7,5.98622,X8,391.628,Y8,2.5188,,,,,,,,,,,,
Polygon,X0,223.256,Y0,47.167,X1,423.163,Y1,187.211,X2,426.947,Y2,378.916,X3,295.173,Y3,429.954,X4,111.704,Y4,404.353,X5,75.0948,Y5,356.308,X6,3.13566,Y6,243.793,X7,6.25908,Y7,169.855,X8,9.45411,Y8,163.807,X9,130.174,Y9,67.5226,X10,223.256,Y10,47.167,,,,
Ellipse,CenterX,98.4867,CenterY,398.155,R1,23.45,R2,19.6366,Orienation,1.11157,,,,,,,,,,,,,,,,,,,,,,,,,,,,,,,,,,,,,,
Polygon,X0,474.193,Y0,33.7246,X1,488.754,Y1,100.792,X2,461.947,Y2,457.275,X3,257.494,Y3,441.249,X4,76.4684,Y4,367.555,X5,19.2766,Y5,173.102,X6,202.931,Y6,68.8901,X7,474.193,Y7,33.7246,,,,,,,,,,,,,,,,
Circle,CenterX,414.222,CenterY,344.138,Radius,54.2128,,,,,,,,,,,,,,,,,,,,,,,,,,,,,,,,,,,,,,,,,,
Ellipse,CenterX,64.4243,CenterY,268.577,R1,19.4917,R2,43.3952,Orienation,6.15145,,,,,,,,,,,,,,,,,,,,,,,,,,,,,,,,,,,,,,
Equilateral Triangle,CenterX,133.211,CenterY,49.5429,Side Length,81.0888,Orienation,2.07085,,,,,,,,,,,,,,,,,,,,,,,,,,,,,,,,,,,,,,,,
Equilateral Triangle,CenterX,394.785,CenterY,267.456,Side Length,95.1038,Orienation,4.25133,,,,,,,,,,,,,,,,,,,,,,,,,,,,,,,,,,,,,,,,
Polygon,X0,451.712,Y0,10.4806,X1,461.291,Y1,72.1282,X2,464.367,Y2,110.532,X3,472.604,Y3,297.264,X4,209.047,Y4,495.356,X5,37.9577,Y5,367.233,X6,84.8501,Y6,47.1346,X7,451.712,Y7,10.4806,,,,,,,,,,,,,,,,
Circle,CenterX,482.714,CenterY,231.493,Radius,30.2571,,,,,,,,,,,,,,,,,,,,,,,,,,,,,,,,,,,,,,,,,,
Equilateral Triangle,CenterX,91.8781,CenterY,464.518,Side Length,27.1886,Orienation,6.18977,,,,,,,,,,,,,,,,,,,,,,,,,,,,,,,,,,,,,,,,
Ellipse,CenterX,150.005,CenterY,459.147,R1,45.1819,R2,31.7725,Orienation,5.31121,,,,,,,,,,,,,,,,,,,,,,,,,,,,,,,,,,,,,,
Square,CenterX,76.1758,CenterY,93.1059,Side Length,26.8782,Orienation,2.21358,,,,,,,,,,,,,,,,,,,,,,,,,,,,,,,,,,,,,,,,
Circle,CenterX,392.208,CenterY,289.501,Radius,64.7726,,,,,,,,,,,,,,,,,,,,,,,,,,,,,,,,,,,,,,,,,,
Polygon,X0,236.759,Y0,3.84315,X1,450.079,Y1,89.6388,X2,472.042,Y2,168.468,X3,262.993,Y3,469.2,X4,111.499,Y4,104.799,X5,236.759,Y5,3.84315,,,,,,,,,,,,,,,,,,,,,,,,
Ellipse,CenterX,64.0063,CenterY,56.6689,R1,27.5495,R2,23.4425,Orienation,2.95349,,,,,,,,,,,,,,,,,,,,,,,,,,,,,,,,,,,,,,
Circle,CenterX,479.177,CenterY,245.967,Radius,29.5268,,,,,,,,,,,,,,,,,,,,,,,,,,,,,,,,,,,,,,,,,,
Circle,CenterX,467.519,CenterY,192.643,Radius,59.4519,,,,,,,,,,,,,,,,,,,,,,,,,,,,,,,,,,,,,,,,,,
Square,CenterX,144.702,CenterY,380.279,Side Length,77.6592,Orienation,3.53512,,,,,,,,,,,,,,,,,,,,,,,,,,,,,,,,,,,,,,,,
Polygon,X0,359.305,Y0,210.069,X1,407.706,Y1,334.922,X2,291.81,Y2,414.498,X3,155.292,Y3,459.978,X4,10.7319,Y4,295.724,X5,325.66,Y5,218.059,X6,359.305,Y6,210.069,,,,,,,,,,,,,,,,,,,,
Equilateral Triangle,CenterX,306.693,CenterY,68.0039,Side Length,91.2639,Orienation,5.66198,,,,,,,,,,,,,,,,,,,,,,,,,,,,,,,,,,,,,,,,
Polygon,X0,439.028,Y0,10.3954,X1,484.996,Y1,31.0228,X2,497.885,Y2,205.69,X3,446.242,Y3,472.233,X4,31.8744,Y4,460.682,X5,12.8274,Y5,220.923,X6,69.8365,Y6,50.6809,X7,112.602,Y7,15.0202,X8,439.028,Y8,10.3954,,,,,,,,,,,,
Square,CenterX,213.924,CenterY,418.66,Side Length,26.3829,Orienation,1.03468,,,,,,,,,,,,,,,,,,,,,,,,,,,,,,,,,,,,,,,,
Equilateral Triangle,CenterX,444.134,CenterY,44.4636,Side Length,75.7068,Orienation,5.1162,,,,,,,,,,,,,,,,,,,,,,,,,,,,,,,,,,,,,,,,
Square,CenterX,457.29,CenterY,400.267,Side Length,27.6113,Orienation,0.394169,,,,,,,,,,,,,,,,,,,,,,,,,,,,,,,,,,,,,,,,
Circle,CenterX,431.128,CenterY,406.625,Radius,84.194,,,,,,,,,,,,,,,,,,,,,,,,,,,,,,,,,,,,,,,,,,
Ellipse,CenterX,370.484,CenterY,239.2,R1,37.4779,R2,43.774,Orienation,0.110377,,,,,,,,,,,,,,,,,,,,,,,,,,,,,,,,,,,,,,
Square,CenterX,167.073,CenterY,119.554,Side Length,84.8651,Orienation,5.79572,,,,,,,,,,,,,,,,,,,,,,,,,,,,,,,,,,,,,,,,
Equilateral Triangle,CenterX,224.447,CenterY,254.231,Side Length,88.8978,Orienation,0.34352,,,,,,,,,,,,,,,,,,,,,,,,,,,,,,,,,,,,,,,,
Circle,CenterX,94.1526,CenterY,285.319,Radius,66.6391,,,,,,,,,,,,,,,,,,,,,,,,,,,,,,,,,,,,,,,,,,
Ellipse,CenterX,147.365,CenterY,183.951,R1,45.9893,R2,4.6978,Orienation,3.70748,,,,,,,,,,,,,,,,,,,,,,,,,,,,,,,,,,,,,,
Circle,CenterX,255.277,CenterY,469.841,Radius,64.8734,,,,,,,,,,,,,,,,,,,,,,,,,,,,,,,,,,,,,,,,,,
Polygon,X0,305.355,Y0,26.084,X1,499.308,Y1,57.3085,X2,481.534,Y2,309.248,X3,452.06,Y3,436.221,X4,269.281,Y4,485.861,X5,66.769,Y5,360.424,X6,78.4497,Y6,309.55,X7,129.224,Y7,133.05,X8,305.355,Y8,26.084,,,,,,,,,,,,
Circle,CenterX,169.251,CenterY,218.715,Radius,32.1945,,,,,,,,,,,,,,,,,,,,,,,,,,,,,,,,,,,,,,,,,,
Square,CenterX,315.716,CenterY,233.093,Side Length,61.4242,Orienation,4.06634,,,,,,,,,,,,,,,,,,,,,,,,,,,,,,,,,,,,,,,,
Circle,CenterX,471.924,CenterY,241.665,Radius,70.233,,,,,,,,,,,,,,,,,,,,,,,,,,,,,,,,,,,,,,,,,,
Ellipse,CenterX,362.943,CenterY,190.676,R1,42.4613,R2,13.2073,Orienation,4.90359,,,,,,,,,,,,,,,,,,,,,,,,,,,,,,,,,,,,,,
Circle,CenterX,436.225,CenterY,94.0428,Radius,22.5896,,,,,,,,,,,,,,,,,,,,,,,,,,,,,,,,,,,,,,,,,,
Polygon,X0,138.77,Y0,2.44993,X1,491.841,Y1,55.0537,X2,463.697,Y2,342.478,X3,388.726,Y3,423.051,X4,3.24848,Y4,431.002,X5,9.65869,Y5,18.5657,X6,138.77,Y6,2.44993,,,,,,,,,,,,,,,,,,,,
Ellipse,CenterX,206.023,CenterY,119.16,R1,28.1467,R2,2.45039,Orienation,4.54018,,,,,,,,,,,,,,,,,,,,,,,,,,,,,,,,,,,,,,
Square,CenterX,226.474,CenterY,55.4543,Side Length,6.91977,Orienation,5.27933,,,,,,,,,,,,,,,,,,,,,,,,,,,,,,,,,,,,,,,,
Equilateral Triangle,CenterX,469.782,CenterY,0.287334,Side Length,79.7251,Orienation,4.68269,,,,,,,,,,,,,,,,,,,,,,,,,,,,,,,,,,,,,,,,
Square,CenterX,142.325,CenterY,73.9916,Side Length,17.2282,Orienation,0.638257,,,,,,,,,,,,,,,,,,,,,,,,,,,,,,,,,,,,,,,,
Ellipse,CenterX,114.193,CenterY,63.0804,R1,32.5798,R2,33.953,Orienation,4.80407,,,,,,,,,,,,,,,,,,,,,,,,,,,,,,,,,,,,,,
Square,CenterX,277.922,CenterY,453.834,Side Length,44.1337,Orienation,5.23711,,,,,,,,,,,,,,,,,,,,,,,,,,,,,,,,,,,,,,,,
Equilateral Triangle,CenterX,395.474,CenterY,353.309,Side Length,18.6406,Orienation,4.07988,,,,,,,,,,,,,,,,,,,,,,,,,,,,,,,,,,,,,,,,
Circle,CenterX,377.719,CenterY,43.03,Radius,8.62685,,,,,,,,,,,,,,,,,,,,,,,,,,,,,,,,,,,,,,,,,,
Equilateral Triangle,CenterX,71.6171,CenterY,220.773,Side Length,81.2096,Orienation,6.06688,,,,,,,,,,,,,,,,,,,,,,,,,,,,,,,,,,,,,,,,
Circle,CenterX,307.088,CenterY,169.238,Radius,69.8795,,,,,,,,,,,,,,,,,,,,,,,,,,,,,,,,,,,,,,,,,,
Equilateral Triangle,CenterX,407.472,CenterY,154.486,Side Length,71.6886,Orienation,0.0132735,,,,,,,,,,,,,,,,,,,,,,,,,,,,,,,,,,,,,,,,
Polygon,X0,432.186,Y0,206.322,X1,179.572,Y1,492.243,X2,112.783,Y2,206.353,X3,432.186,Y3,206.322,,,,,,,,,,,,,,,,,,,,,,,,,,,,,,,,
Ellipse,CenterX,378.783,CenterY,88.8605,R1,28.5283,R2,18.7009,Orienation,5.51203,,,,,,,,,,,,,,,,,,,,,,,,,,,,,,,,,,,,,,
Circle,CenterX,417.031,CenterY,22.5411,Radius,50.849,,,,,,,,,,,,,,,,,,,,,,,,,,,,,,,,,,,,,,,,,,
Polygon,X0,370.294,Y0,10.9177,X1,470.633,Y1,264.544,X2,491.038,Y2,455.839,X3,321.108,Y3,494.419,X4,15.1304,Y4,310.85,X5,7.30188,Y5,265.582,X6,252.088,Y6,60.3623,X7,370.294,Y7,10.9177,,,,,,,,,,,,,,,,
Polygon,X0,12.6942,Y0,109.852,X1,386.651,Y1,189.961,X2,399.467,Y2,203.902,X3,471.633,Y3,306.731,X4,444.951,Y4,472.384,X5,46.8113,Y5,498.687,X6,5.28828,Y6,461.746,X7,12.6942,Y7,109.852,,,,,,,,,,,,,,,,
Equilateral Triangle,CenterX,180.094,CenterY,32.651,Side Length,97.5697,Orienation,3.50485,,,,,,,,,,,,,,,,,,,,,,,,,,,,,,,,,,,,,,,,
Ellipse,CenterX,62.6435,CenterY,319.168,R1,45.7601,R2,38.6916,Orienation,0.0278461,,,,,,,,,,,,,,,,,,,,,,,,,,,,,,,,,,,,,,
Ellipse,CenterX,415.646,CenterY,216.485,R1,22.3456,R2,11.5447,Orienation,2.45275,,,,,,,,,,,,,,,,,,,,,,,,,,,,,,,,,,,,,,
Square,CenterX,376.196,CenterY,97.2576,Side Length,11.7439,Orienation,5.32013,,,,,,,,,,,,,,,,,,,,,,,,,,,,,,,,,,,,,,,,
Square,CenterX,227.804,CenterY,30.0352,Side Length,77.7712,Orienation,1.15762,,,,,,,,,,,,,,,,,,,,,,,,,,,,,,,,,,,,,,,,
Equilateral Triangle,CenterX,102.131,CenterY,69.4885,Side Length,33.0167,Orienation,2.24531,,,,,,,,,,,,,,,,,,,,,,,,,,,,,,,,,,,,,,,,
Circle,CenterX,101.007,CenterY,39.8201,Radius,64.4743,,,,,,,,,,,,,,,,,,,,,,,,,,,,,,,,,,,,,,,,,,
Equilateral Triangle,CenterX,393.731,CenterY,252.364,Side Length,12.2171,Orienation,5.96523,,,,,,,,,,,,,,,,,,,,,,,,,,,,,,,,,,,,,,,,
Ellipse,CenterX,227.667,CenterY,293.992,R1,7.40692,R2,46.072,Orienation,5.47213,,,,,,,,,,,,,,,,,,,,,,,,,,,,,,,,,,,,,,
Square,CenterX,242.129,CenterY,37.5352,Side Length,67.9397,Orienation,2.94987,,,,,,,,,,,,,,,,,,,,,,,,,,,,,,,,,,,,,,,,
Equilateral Triangle,CenterX,311.6,CenterY,402.216,Side Length,13.3072,Orienation,2.95985,,,,,,,,,,,,,,,,,,,,,,,,,,,,,,,,,,,,,,,,
Circle,CenterX,7.28674,CenterY,166.708,Radius,89.895,,,,,,,,,,,,,,,,,,,,,,,,,,,,,,,,,,,,,,,,,,
Ellipse,CenterX,266.706,CenterY,337.906,R1,2.27406,R2,1.10464,Orienation,2.99939,,,,,,,,,,,,,,,,,,,,,,,,,,,,,,,,,,,,,,
Equilateral Triangle,CenterX,346.375,CenterY,49.0699,Side Length,86.5123,Orienation,5.00601,,,,,,,,,,,,,,,,,,,,,,,,,,,,,,,,,,,,,,,,
Ellipse,CenterX,323.201,CenterY,272.504,R1,23.9009,R2,17.467,Orienation,5.17799,,,,,,,,,,,,,,,,,,,,,,,,,,,,,,,,,,,,,,
Circle,CenterX,258.144,CenterY,434.092,Radius,87.8164,,,,,,,,,,,,,,,,,,,,,,,,,,,,,,,,,,,,,,,,,,
Ellipse,CenterX,47.4836,CenterY,227.36,R1,44.6598,R2,17.3681,Orienation,0.640591,,,,,,,,,,,,,,,,,,,,,,,,,,,,,,,,,,,,,,
Square,CenterX,10.4625,CenterY,6.69286,Side Length,33.5658,Orienation,2.64359,,,,,,,,,,,,,,,,,,,,,,,,,,,,,,,,,,,,,,,,
Equilateral Triangle,CenterX,467.158,CenterY,437.568,Side Length,10.4643,Orienation,1.68494,,,,,,,,,,,,,,,,,,,,,,,,,,,,,,,,,,,,,,,,
Ellipse,CenterX,227.846,CenterY,99.9553,R1,12.6979,R2,7.98723,Orienation,1.47292,,,,,,,,,,,,,,,,,,,,,,,,,,,,,,,,,,,,,,
Polygon,X0,85.8692,Y0,59.5728,X1,441.522,Y1,258.415,X2,423.188,Y2,420.159,X3,319.966,Y3,461.033,X4,42.5816,Y4,383.262,X5,26.756,Y5,287.135,X6,85.8692,Y6,59.5728,,,,,,,,,,,,,,,,,,,,
Equilateral Triangle,CenterX,14.0484,CenterY,60.8396,Side Length,79.6831,Orienation,2.22452,,,,,,,,,,,,,,,,,,,,,,,,,,,,,,,,,,,,,,,,
Equilateral Triangle,CenterX,365.178,CenterY,65.749,Side Length,3.33004,Orienation,2.36791,,,,,,,,,,,,,,,,,,,,,,,,,,,,,,,,,,,,,,,,
Circle,CenterX,192.359,CenterY,414.569,Radius,31.5534,,,,,,,,,,,,,,,,,,,,,,,,,,,,,,,,,,,,,,,,,,
Equilateral Triangle,CenterX,484.287,CenterY,16.1399,Side Length,94.5554,Orienation,2.37978,,,,,,,,,,,,,,,,,,,,,,,,,,,,,,,,,,,,,,,,
Ellipse,CenterX,160.629,CenterY,380.102,R1,5.55813,R2,11.5433,Orienation,4.29861,,,,,,,,,,,,,,,,,,,,,,,,,,,,,,,,,,,,,,
Circle,CenterX,153.521,CenterY,101.229,Radius,30.9758,,,,,,,,,,,,,,,,,,,,,,,,,,,,,,,,,,,,,,,,,,
Square,CenterX,319.53,CenterY,486.416,Side Length,80.7348,Orienation,2.95384,,,,,,,,,,,,,,,,,,,,,,,,,,,,,,,,,,,,,,,,
Ellipse,CenterX,486.512,CenterY,121.569,R1,33.977,R2,16.0302,Orienation,0.124478,,,,,,,,,,,,,,,,,,,,,,,,,,,,,,,,,,,,,,
Equilateral Triangle,CenterX,304.237,CenterY,168.068,Side Length,8.9071,Orienation,1.58069,,,,,,,,,,,,,,,,,,,,,,,,,,,,,,,,,,,,,,,,
Ellipse,CenterX,311.753,CenterY,168.374,R1,6.02971,R2,8.60855,Orienation,2.34751,,,,,,,,,,,,,,,,,,,,,,,,,,,,,,,,,,,,,,
Equilateral Triangle,CenterX,303.919,CenterY,409.046,Side Length,64.3946,Orienation,0.892731,,,,,,,,,,,,,,,,,,,,,,,,,,,,,,,,,,,,,,,,
Ellipse,CenterX,344.784,CenterY,40.1166,R1,26.4754,R2,37.5811,Orienation,4.69967,,,,,,,,,,,,,,,,,,,,,,,,,,,,,,,,,,,,,,
Polygon,X0,157.89,Y0,14.9367,X1,384.946,Y1,15.6005,X2,430.043,Y2,37.9138,X3,442.542,Y3,52.4899,X4,456.122,Y4,210.887,X5,416.189,Y5,400.418,X6,240.388,Y6,391.416,X7,103.409,Y7,250.753,X8,31.7265,Y8,62.0436,X9,157.89,Y9,14.9367,,,,,,,,
Ellipse,CenterX,145.565,CenterY,16.4499,R1,16.3242,R2,15.587,Orienation,4.68289,,,,,,,,,,,,,,,,,,,,,,,,,,,,,,,,,,,,,,
Equilateral Triangle,CenterX,180.941,CenterY,322.854,Side Length,80.7826,Orienation,5.55308,,,,,,,,,,,,,,,,,,,,,,,,,,,,,,,,,,,,,,,,
Equilateral Triangle,CenterX,115.893,CenterY,98.9429,Side Length,41.7716,Orienation,3.10364,,,,,,,,,,,,,,,,,,,,,,,,,,,,,,,,,,,,,,,,
Circle,CenterX,361.438,CenterY,24.6103,Radius,79.0055,,,,,,,,,,,,,,,,,,,,,,,,,,,,,,,,,,,,,,,,,,
Circle,CenterX,398.473,CenterY,71.1634,Radius,12.3333,,,,,,,,,,,,,,,,,,,,,,,,,,,,,,,,,,,,,,,,,,
Ellipse,CenterX,285.216,CenterY,0.211637,R1,11.9414,R2,1.1122,Orienation,0.874882,,,,,,,,,,,,,,,,,,,,,,,,,,,,,,,,,,,,,,
Ellipse,CenterX,311.548,CenterY,270.915,R1,29.1905,R2,18.4517,Orienation,0.0359415,,,,,,,,,,,,,,,,,,,,,,,,,,,,,,,,,,,,,,
Ellipse,CenterX,446.808,CenterY,194.276,R1,39.0425,R2,45.2112,Orienation,2.76532,,,,,,,,,,,,,,,,,,,,,,,,,,,,,,,,,,,,,,
Circle,CenterX,118.218,CenterY,483.956,Radius,98.3024,,,,,,,,,,,,,,,,,,,,,,,,,,,,,,,,,,,,,,,,,,
Equilateral Triangle,CenterX,41.3934,CenterY,433.777,Side Length,3.82409,Orienation,2.01169,,,,,,,,,,,,,,,,,,,,,,,,,,,,,,,,,,,,,,,,
Polygon,X0,299.018,Y0,3.85625,X1,397.051,Y1,74.5301,X2,421.554,Y2,144.994,X3,440.265,Y3,330.253,X4,221.154,Y4,448.096,X5,35.3259,Y5,111.274,X6,99.3091,Y6,38.9654,X7,299.018,Y7,3.85625,,,,,,,,,,,,,,,,
Equilateral Triangle,CenterX,395.267,CenterY,454.667,Side Length,21.0737,Orienation,1.92998,,,,,,,,,,,,,,,,,,,,,,,,,,,,,,,,,,,,,,,,
Ellipse,CenterX,309.412,CenterY,363.779,R1,24.8673,R2,5.49014,Orienation,2.31273,,,,,,,,,,,,,,,,,,,,,,,,,,,,,,,,,,,,,,
Polygon,X0,143.826,Y0,14.033,X1,474.483,Y1,100.064,X2,386.707,Y2,343.266,X3,313.89,Y3,461.163,X4,16.9453,Y4,397.878,X5,61.1916,Y5,68.4907,X6,143.826,Y6,14.033,,,,,,,,,,,,,,,,,,,,
Equilateral Triangle,CenterX,258.055,CenterY,476.1,Side Length,81.2207,Orienation,1.66992,,,,,,,,,,,,,,,,,,,,,,,,,,,,,,,,,,,,,,,,
Circle,CenterX,366.293,CenterY,235.904,Radius,16.3781,,,,,,,,,,,,,,,,,,,,,,,,,,,,,,,,,,,,,,,,,,
Circle,CenterX,380.206,CenterY,425.942,Radius,16.0796,,,,,,,,,,,,,,,,,,,,,,,,,,,,,,,,,,,,,,,,,,
Equilateral Triangle,CenterX,164.873,CenterY,185.365,Side Length,97.0675,Orienation,0.969056,,,,,,,,,,,,,,,,,,,,,,,,,,,,,,,,,,,,,,,,
Circle,CenterX,164.312,CenterY,348.385,Radius,40.1932,,,,,,,,,,,,,,,,,,,,,,,,,,,,,,,,,,,,,,,,,,
Circle,CenterX,170.169,CenterY,148.857,Radius,0.0260787,,,,,,,,,,,,,,,,,,,,,,,,,,,,,,,,,,,,,,,,,,
Square,CenterX,302.54,CenterY,122.592,Side Length,70.6666,Orienation,2.44605,,,,,,,,,,,,,,,,,,,,,,,,,,,,,,,,,,,,,,,,
Ellipse,CenterX,17.1014,CenterY,263.496,R1,2.34254,R2,2.62416,Orienation,6.17744,,,,,,,,,,,,,,,,,,,,,,,,,,,,,,,,,,,,,,
Equilateral Triangle,CenterX,56.193,CenterY,450.762,Side Length,61.49,Orienation,1.70499,,,,,,,,,,,,,,,,,,,,,,,,,,,,,,,,,,,,,,,,
Polygon,X0,307.038,Y0,32.9467,X1,376.292,Y1,128.83,X2,401.702,Y2,196.225,X3,450.421,Y3,362.185,X4,392.747,Y4,473.53,X5,336.195,Y5,469.969,X6,2.05214,Y6,356.824,X7,67.866,Y7,72.2083,X8,307.038,Y8,32.9467,,,,,,,,,,,,
Square,CenterX,459.64,CenterY,386.195,Side Length,19.8404,Orienation,3.22731,,,,,,,,,,,,,,,,,,,,,,,,,,,,,,,,,,,,,,,,
Ellipse,CenterX,273.869,CenterY,437.53,R1,41.0447,R2,17.8191,Orienation,3.14367,,,,,,,,,,,,,,,,,,,,,,,,,,,,,,,,,,,,,,
Equilateral Triangle,CenterX,499.59,CenterY,230.261,Side Length,9.33965,Orienation,3.65531,,,,,,,,,,,,,,,,,,,,,,,,,,,,,,,,,,,,,,,,
Ellipse,CenterX,431.988,CenterY,484.366,R1,38.5484,R2,11.8628,Orienation,0.358968,,,,,,,,,,,,,,,,,,,,,,,,,,,,,,,,,,,,,,
Square,CenterX,271.323,CenterY,483.363,Side Length,62.3157,Orienation,4.30782,,,,,,,,,,,,,,,,,,,,,,,,,,,,,,,,,,,,,,,,
Square,CenterX,333.038,CenterY,383.552,Side Length,94.364,Orienation,1.77349,,,,,,,,,,,,,,,,,,,,,,,,,,,,,,,,,,,,,,,,
Polygon,X0,153.499,Y0,18.3269,X1,266.311,Y1,95.8648,X2,208.381,Y2,296.215,X3,57.1987,Y3,276.918,X4,23.8565,Y4,41.1173,X5,153.499,Y5,18.3269,,,,,,,,,,,,,,,,,,,,,,,,
Equilateral Triangle,CenterX,262.975,CenterY,12.2225,Side Length,27.4422,Orienation,1.63282,,,,,,,,,,,,,,,,,,,,,,,,,,,,,,,,,,,,,,,,
Equilateral Triangle,CenterX,52.8291,CenterY,303.114,Side Length,12.4778,Orienation,6.20937,,,,,,,,,,,,,,,,,,,,,,,,,,,,,,,,,,,,,,,,
Ellipse,CenterX,70.5003,CenterY,385.202,R1,35.5798,R2,19.4173,Orienation,1.73004,,,,,,,,,,,,,,,,,,,,,,,,,,,,,,,,,,,,,,
Ellipse,CenterX,327.342,CenterY,498.65,R1,36.4124,R2,19.7772,Orienation,4.31772,,,,,,,,,,,,,,,,,,,,,,,,,,,,,,,,,,,,,,
Circle,CenterX,232.352,CenterY,205.38,Radius,97.4344,,,,,,,,,,,,,,,,,,,,,,,,,,,,,,,,,,,,,,,,,,
Ellipse,CenterX,395.642,CenterY,330.582,R1,0.27963,R2,8.75113,Orienation,4.73429,,,,,,,,,,,,,,,,,,,,,,,,,,,,,,,,,,,,,,
Square,CenterX,436.786,CenterY,101.634,Side Length,70.0969,Orienation,1.48926,,,,,,,,,,,,,,,,,,,,,,,,,,,,,,,,,,,,,,,,
Circle,CenterX,270.135,CenterY,241.351,Radius,80.2291,,,,,,,,,,,,,,,,,,,,,,,,,,,,,,,,,,,,,,,,,,
Circle,CenterX,69.9317,CenterY,212.307,Radius,34.2451,,,,,,,,,,,,,,,,,,,,,,,,,,,,,,,,,,,,,,,,,,
Circle,CenterX,135.468,CenterY,389.368,Radius,72.2241,,,,,,,,,,,,,,,,,,,,,,,,,,,,,,,,,,,,,,,,,,
Square,CenterX,112.8,CenterY,115.788,Side Length,14.2517,Orienation,2.82561,,,,,,,,,,,,,,,,,,,,,,,,,,,,,,,,,,,,,,,,
Ellipse,CenterX,426.4,CenterY,403.103,R1,34.2194,R2,43.9421,Orienation,2.20577,,,,,,,,,,,,,,,,,,,,,,,,,,,,,,,,,,,,,,
Equilateral Triangle,CenterX,176.07,CenterY,315.441,Side Length,99.5549,Orienation,0.974914,,,,,,,,,,,,,,,,,,,,,,,,,,,,,,,,,,,,,,,,
Equilateral Triangle,CenterX,385.514,CenterY,69.2779,Side Length,50.0891,Orienation,5.86668,,,,,,,,,,,,,,,,,,,,,,,,,,,,,,,,,,,,,,,,
Ellipse,CenterX,15.3871,CenterY,152.026,R1,43.6382,R2,1.43266,Orienation,5.7661,,,,,,,,,,,,,,,,,,,,,,,,,,,,,,,,,,,,,,
Equilateral Triangle,CenterX,119.716,CenterY,362.913,Side Length,11.8123,Orienation,2.23574,,,,,,,,,,,,,,,,,,,,,,,,,,,,,,,,,,,,,,,,
Ellipse,CenterX,210.242,CenterY,277.971,R1,21.2974,R2,19.4881,Orienation,4.44535,,,,,,,,,,,,,,,,,,,,,,,,,,,,,,,,,,,,,,
Equilateral Triangle,CenterX,493.223,CenterY,429.855,Side Length,59.5342,Orienation,0.0326056,,,,,,,,,,,,,,,,,,,,,,,,,,,,,,,,,,,,,,,,
Square,CenterX,91.6935,CenterY,338.159,Side Length,9.21244,Orienation,5.81777,,,,,,,,,,,,,,,,,,,,,,,,,,,,,,,,,,,,,,,,
Ellipse,CenterX,25.0314,CenterY,246.444,R1,30.2901,R2,45.6108,Orienation,6.26582,,,,,,,,,,,,,,,,,,,,,,,,,,,,,,,,,,,,,,
Equilateral Triangle,CenterX,110.409,CenterY,167.471,Side Length,52.772,Orienation,4.92659,,,,,,,,,,,,,,,,,,,,,,,,,,,,,,,,,,,,,,,,
Equilateral Triangle,CenterX,256.823,CenterY,238.509,Side Length,65.7835,Orienation,2.76354,,,,,,,,,,,,,,,,,,,,,,,,,,,,,,,,,,,,,,,,
Polygon,X0,195.636,Y0,14.4411,X1,475.942,Y1,26.4232,X2,498.559,Y2,59.7694,X3,468.302,Y3,198.346,X4,421.805,Y4,346.245,X5,220.99,Y5,420.384,X6,51.6801,Y6,436.967,X7,3.26053,Y7,249.297,X8,2.25119,Y8,25.2346,X9,195.636,Y9,14.4411,,,,,,,,
Circle,CenterX,274.662,CenterY,197.698,Radius,43.8569,,,,,,,,,,,,,,,,,,,,,,,,,,,,,,,,,,,,,,,,,,
Square,CenterX,211.112,CenterY,378.883,Side Length,74.6419,Orienation,5.37356,,,,,,,,,,,,,,,,,,,,,,,,,,,,,,,,,,,,,,,,
Ellipse,CenterX,302.641,CenterY,284.569,R1,1.19811,R2,23.196,Orienation,2.10162,,,,,,,,,,,,,,,,,,,,,,,,,,,,,,,,,,,,,,
Equilateral Triangle,CenterX,340.033,CenterY,150.392,Side Length,85.0538,Orienation,0.128711,,,,,,,,,,,,,,,,,,,,,,,,,,,,,,,,,,,,,,,,
Equilateral Triangle,CenterX,11.1714,CenterY,359.545,Side Length,77.2651,Orienation,4.62639,,,,,,,,,,,,,,,,,,,,,,,,,,,,,,,,,,,,,,,,
Ellipse,CenterX,260.6,CenterY,236.253,R1,14.1576,R2,37.711,Orienation,2.70198,,,,,,,,,,,,,,,,,,,,,,,,,,,,,,,,,,,,,,
Square,CenterX,439.175,CenterY,467.665,Side Length,94.9753,Orienation,2.24022,,,,,,,,,,,,,,,,,,,,,,,,,,,,,,,,,,,,,,,,
Ellipse,CenterX,172.183,CenterY,146.805,R1,17.9438,R2,11.4978,Orienation,1.27707,,,,,,,,,,,,,,,,,,,,,,,,,,,,,,,,,,,,,,
Polygon,X0,150.054,Y0,62.3594,X1,344.344,Y1,363.025,X2,239.353,Y2,261.339,X3,150.054,Y3,62.3594,,,,,,,,,,,,,,,,,,,,,,,,,,,,,,,,
Circle,CenterX,69.4441,CenterY,225.921,Radius,63.3074,,,,,,,,,,,,,,,,,,,,,,,,,,,,,,,,,,,,,,,,,,
Ellipse,CenterX,245.709,CenterY,108.79,R1,22.6973,R2,7.12602,Orienation,6.28051,,,,,,,,,,,,,,,,,,,,,,,,,,,,,,,,,,,,,,
Polygon,X0,61.6653,Y0,18.0443,X1,214.755,Y1,52.8298,X2,490.308,Y2,236.438,X3,476.031,Y3,361.254,X4,193.05,Y4,495.284,X5,93.3311,Y5,447.157,X6,61.6653,Y6,18.0443,,,,,,,,,,,,,,,,,,,,
Polygon,X0,66.9907,Y0,25.0857,X1,356.584,Y1,44.6712,X2,449.164,Y2,158.281,X3,331.487,Y3,402.118,X4,185.206,Y4,479.585,X5,18.022,Y5,229.532,X6,66.9907,Y6,25.0857,,,,,,,,,,,,,,,,,,,,
Equilateral Triangle,CenterX,44.128,CenterY,232.478,Side Length,54.7934,Orienation,1.79055,,,,,,,,,,,,,,,,,,,,,,,,,,,,,,,,,,,,,,,,
Ellipse,CenterX,229.453,CenterY,390.721,R1,31.135,R2,0.933639,Orienation,1.7949,,,,,,,,,,,,,,,,,,,,,,,,,,,,,,,,,,,,,,
Polygon,X0,279.362,Y0,1.54847,X1,439.922,Y1,295.378,X2,308.493,Y2,417.284,X3,223.103,Y3,469.24,X4,126.674,Y4,383.888,X5,3.05679,Y5,196.335,X6,16.9214,Y6,73.0361,X7,47.858,Y7,51.4361,X8,279.362,Y8,1.54847,,,,,,,,,,,,
Circle,CenterX,127.28,CenterY,147.07,Radius,78.4493,,,,,,,,,,,,,,,,,,,,,,,,,,,,,,,,,,,,,,,,,,
Polygon,X0,172.471,Y0,23.1153,X1,379.215,Y1,28.484,X2,433.468,Y2,208.619,X3,439.678,Y3,382.306,X4,426.514,Y4,427.402,X5,38.2075,Y5,363.121,X6,33.5159,Y6,207.418,X7,172.471,Y7,23.1153,,,,,,,,,,,,,,,,
Square,CenterX,300.984,CenterY,181.56,Side Length,69.4533,Orienation,2.73255,,,,,,,,,,,,,,,,,,,,,,,,,,,,,,,,,,,,,,,,
Equilateral Triangle,CenterX,4.81447,CenterY,176.902,Side Length,54.3563,Orienation,5.7738,,,,,,,,,,,,,,,,,,,,,,,,,,,,,,,,,,,,,,,,
Equilateral Triangle,CenterX,357.771,CenterY,475.921,Side Length,48.2057,Orienation,5.40084,,,,,,,,,,,,,,,,,,,,,,,,,,,,,,,,,,,,,,,,
Circle,CenterX,284.415,CenterY,410.807,Radius,49.722,,,,,,,,,,,,,,,,,,,,,,,,,,,,,,,,,,,,,,,,,,
Circle,CenterX,58.7093,CenterY,13.074,Radius,28.1893,,,,,,,,,,,,,,,,,,,,,,,,,,,,,,,,,,,,,,,,,,
Circle,CenterX,409.393,CenterY,115.179,Radius,44.1604,,,,,,,,,,,,,,,,,,,,,,,,,,,,,,,,,,,,,,,,,,
Equilateral Triangle,CenterX,395.185,CenterY,63.3703,Side Length,15.8737,Orienation,0.588075,,,,,,,,,,,,,,,,,,,,,,,,,,,,,,,,,,,,,,,,
Ellipse,CenterX,163.101,CenterY,118.768,R1,29.2906,R2,48.181,Orienation,1.62872,,,,,,,,,,,,,,,,,,,,,,,,,,,,,,,,,,,,,,
Circle,CenterX,168.732,CenterY,199.916,Radius,6.74295,,,,,,,,,,,,,,,,,,,,,,,,,,,,,,,,,,,,,,,,,,
Ellipse,CenterX,184.984,CenterY,36.1204,R1,2.58731,R2,3.53048,Orienation,1.31899,,,,,,,,,,,,,,,,,,,,,,,,,,,,,,,,,,,,,,
Circle,CenterX,152.122,CenterY,101.858,Radius,64.3778,,,,,,,,,,,,,,,,,,,,,,,,,,,,,,,,,,,,,,,,,,
Circle,CenterX,442.308,CenterY,247.592,Radius,59.1746,,,,,,,,,,,,,,,,,,,,,,,,,,,,,,,,,,,,,,,,,,
Equilateral Triangle,CenterX,213.073,CenterY,2.14952,Side Length,96.4582,Orienation,3.64746,,,,,,,,,,,,,,,,,,,,,,,,,,,,,,,,,,,,,,,,
Ellipse,CenterX,166.574,CenterY,149.677,R1,8.05564,R2,18.8038,Orienation,0.838829,,,,,,,,,,,,,,,,,,,,,,,,,,,,,,,,,,,,,,
Equilateral Triangle,CenterX,387.488,CenterY,224.993,Side Length,51.6796,Orienation,2.5888,,,,,,,,,,,,,,,,,,,,,,,,,,,,,,,,,,,,,,,,
Polygon,X0,15.097,Y0,84.8001,X1,65.3151,Y1,103.567,X2,326.151,Y2,226.733,X3,497.53,Y3,332.923,X4,484.414,Y4,415.334,X5,252.796,Y5,481.022,X6,15.097,Y6,84.8001,,,,,,,,,,,,,,,,,,,,
Ellipse,CenterX,256.243,CenterY,440.279,R1,48.6708,R2,43.6072,Orienation,4.03495,,,,,,,,,,,,,,,,,,,,,,,,,,,,,,,,,,,,,,
Equilateral Triangle,CenterX,491.968,CenterY,346.228,Side Length,75.3618,Orienation,3.76509,,,,,,,,,,,,,,,,,,,,,,,,,,,,,,,,,,,,,,,,
Equilateral Triangle,CenterX,68.4627,CenterY,181.457,Side Length,98.5032,Orienation,2.08999,,,,,,,,,,,,,,,,,,,,,,,,,,,,,,,,,,,,,,,,
Circle,CenterX,90.8552,CenterY,414.469,Radius,78.9109,,,,,,,,,,,,,,,,,,,,,,,,,,,,,,,,,,,,,,,,,,
Square,CenterX,321.308,CenterY,157.448,Side Length,92.7481,Orienation,3.93988,,,,,,,,,,,,,,,,,,,,,,,,,,,,,,,,,,,,,,,,
Circle,CenterX,252.416,CenterY,163.371,Radius,98.1081,,,,,,,,,,,,,,,,,,,,,,,,,,,,,,,,,,,,,,,,,,
Square,CenterX,235.859,CenterY,45.6833,Side Length,37.4052,Orienation,1.49917,,,,,,,,,,,,,,,,,,,,,,,,,,,,,,,,,,,,,,,,
Circle,CenterX,108.813,CenterY,407.386,Radius,65.0366,,,,,,,,,,,,,,,,,,,,,,,,,,,,,,,,,,,,,,,,,,
Square,CenterX,469.017,CenterY,421.359,Side Length,84.0483,Orienation,4.51444,,,,,,,,,,,,,,,,,,,,,,,,,,,,,,,,,,,,,,,,
Circle,CenterX,57.8253,CenterY,125.155,Radius,36.634,,,,,,,,,,,,,,,,,,,,,,,,,,,,,,,,,,,,,,,,,,
Ellipse,CenterX,390.733,CenterY,225.722,R1,10.4345,R2,4.54262,Orienation,3.51916,,,,,,,,,,,,,,,,,,,,,,,,,,,,,,,,,,,,,,
Equilateral Triangle,CenterX,491.699,CenterY,301.035,Side Length,45.1046,Orienation,3.93306,,,,,,,,,,,,,,,,,,,,,,,,,,,,,,,,,,,,,,,,
Circle,CenterX,68.9388,CenterY,305.379,Radius,70.2186,,,,,,,,,,,,,,,,,,,,,,,,,,,,,,,,,,,,,,,,,,
Ellipse,CenterX,308.131,CenterY,236.659,R1,33.4463,R2,40.7111,Orienation,2.13999,,,,,,,,,,,,,,,,,,,,,,,,,,,,,,,,,,,,,,
Equilateral Triangle,CenterX,221.794,CenterY,69.4566,Side Length,61.3119,Orienation,5.05584,,,,,,,,,,,,,,,,,,,,,,,,,,,,,,,,,,,,,,,,
Equilateral Triangle,CenterX,287.054,CenterY,343.431,Side Length,11.5538,Orienation,4.75881,,,,,,,,,,,,,,,,,,,,,,,,,,,,,,,,,,,,,,,,
Square,CenterX,93.4859,CenterY,430.995,Side Length,2.29316,Orienation,5.35916,,,,,,,,,,,,,,,,,,,,,,,,,,,,,,,,,,,,,,,,
Circle,CenterX,408.628,CenterY,100.812,Radius,45.877,,,,,,,,,,,,,,,,,,,,,,,,,,,,,,,,,,,,,,,,,,
Ellipse,CenterX,405.412,CenterY,177.32,R1,8.91341,R2,30.164,Orienation,2.53058,,,,,,,,,,,,,,,,,,,,,,,,,,,,,,,,,,,,,,
Equilateral Triangle,CenterX,273.781,CenterY,304.735,Side Length,16.2529,Orienation,1.23987,,,,,,,,,,,,,,,,,,,,,,,,,,,,,,,,,,,,,,,,
Square,CenterX,445.333,CenterY,43.6676,Side Length,49.8954,Orienation,1.4528,,,,,,,,,,,,,,,,,,,,,,,,,,,,,,,,,,,,,,,,
Circle,CenterX,60.8931,CenterY,76.2632,Radius,3.18113,,,,,,,,,,,,,,,,,,,,,,,,,,,,,,,,,,,,,,,,,,
Circle,CenterX,432.694,CenterY,127.323,Radius,67.1302,,,,,,,,,,,,,,,,,,,,,,,,,,,,,,,,,,,,,,,,,,
Square,CenterX,287.795,CenterY,383.328,Side Length,9.20587,Orienation,2.66996,,,,,,,,,,,,,,,,,,,,,,,,,,,,,,,,,,,,,,,,
Equilateral Triangle,CenterX,166.324,CenterY,287.145,Side Length,83.9328,Orienation,1.39137,,,,,,,,,,,,,,,,,,,,,,,,,,,,,,,,,,,,,,,,
Circle,CenterX,225.493,CenterY,401.499,Radius,29.7225,,,,,,,,,,,,,,,,,,,,,,,,,,,,,,,,,,,,,,,,,,
Polygon,X0,408.928,Y0,48.952,X1,473.418,Y1,333.985,X2,352.654,Y2,417.922,X3,89.9425,Y3,460.625,X4,30.4989,Y4,269.729,X5,47.5978,Y5,103.242,X6,408.928,Y6,48.952,,,,,,,,,,,,,,,,,,,,
Polygon,X0,40.5027,Y0,11.7458,X1,170.994,Y1,39.7587,X2,412.684,Y2,207.41,X3,454.461,Y3,435.468,X4,349.981,Y4,370.767,X5,40.5027,Y5,11.7458,,,,,,,,,,,,,,,,,,,,,,,,
Ellipse,CenterX,364.617,CenterY,492.514,R1,21.7865,R2,25.1646,Orienation,4.33277,,,,,,,,,,,,,,,,,,,,,,,,,,,,,,,,,,,,,,
Circle,CenterX,452.538,CenterY,101.28,Radius,79.3801,,,,,,,,,,,,,,,,,,,,,,,,,,,,,,,,,,,,,,,,,,
Polygon,X0,11.6743,Y0,6.22155,X1,236.986,Y1,14.3588,X2,27.0975,Y2,379.616,X3,11.6743,Y3,6.22155,,,,,,,,,,,,,,,,,,,,,,,,,,,,,,,,
Equilateral Triangle,CenterX,113.564,CenterY,101.081,Side Length,28.2428,Orienation,0.999843,,,,,,,,,,,,,,,,,,,,,,,,,,,,,,,,,,,,,,,,
Equilateral Triangle,CenterX,1.9954,CenterY,100.128,Side Length,37.8914,Orienation,2.37881,,,,,,,,,,,,,,,,,,,,,,,,,,,,,,,,,,,,,,,,
Circle,CenterX,107.288,CenterY,381.456,Radius,97.4691,,,,,,,,,,,,,,,,,,,,,,,,,,,,,,,,,,,,,,,,,,
Circle,CenterX,19.8691,CenterY,73.3692,Radius,42.113,,,,,,,,,,,,,,,,,,,,,,,,,,,,,,,,,,,,,,,,,,
Ellipse,CenterX,73.0162,CenterY,138.998,R1,13.7529,R2,19.9247,Orienation,0.329316,,,,,,,,,,,,,,,,,,,,,,,,,,,,,,,,,,,,,,
Ellipse,CenterX,290.165,CenterY,29.915,R1,25.2567,R2,42.0375,Orienation,2.18034,,,,,,,,,,,,,,,,,,,,,,,,,,,,,,,,,,,,,,
Equilateral Triangle,CenterX,208.12,CenterY,46.052,Side Length,26.3158,Orienation,2.75836,,,,,,,,,,,,,,,,,,,,,,,,,,,,,,,,,,,,,,,,
Equilateral Triangle,CenterX,421.485,CenterY,100.708,Side Length,79.8461,Orienation,3.26274,,,,,,,,,,,,,,,,,,,,,,,,,,,,,,,,,,,,,,,,
Circle,CenterX,53.239,CenterY,198.011,Radius,58.6989,,,,,,,,,,,,,,,,,,,,,,,,,,,,,,,,,,,,,,,,,,
Circle,CenterX,98.7373,CenterY,413.422,Radius,78.1,,,,,,,,,,,,,,,,,,,,,,,,,,,,,,,,,,,,,,,,,,
Ellipse,CenterX,353.11,CenterY,348.681,R1,43.0881,R2,11.1066,Orienation,4.96493,,,,,,,,,,,,,,,,,,,,,,,,,,,,,,,,,,,,,,
Equilateral Triangle,CenterX,50.9488,CenterY,352.119,Side Length,82.8818,Orienation,3.17347,,,,,,,,,,,,,,,,,,,,,,,,,,,,,,,,,,,,,,,,
Ellipse,CenterX,353.408,CenterY,65.7749,R1,29.1319,R2,19.6156,Orienation,6.00601,,,,,,,,,,,,,,,,,,,,,,,,,,,,,,,,,,,,,,
Circle,CenterX,213.951,CenterY,1.49256,Radius,73.6569,,,,,,,,,,,,,,,,,,,,,,,,,,,,,,,,,,,,,,,,,,
Polygon,X0,74.9983,Y0,72.5325,X1,362.056,Y1,88.0783,X2,446.947,Y2,213.133,X3,387.373,Y3,371.148,X4,352.121,Y4,414.292,X5,57.8839,Y5,438.028,X6,74.9983,Y6,72.5325,,,,,,,,,,,,,,,,,,,,
Ellipse,CenterX,188.08,CenterY,202.13,R1,45.0032,R2,2.64919,Orienation,3.43729,,,,,,,,,,,,,,,,,,,,,,,,,,,,,,,,,,,,,,
Polygon,X0,490.118,Y0,97.5843,X1,441.796,Y1,326.889,X2,50.3242,Y2,477.497,X3,490.118,Y3,97.5843,,,,,,,,,,,,,,,,,,,,,,,,,,,,,,,,
Equilateral Triangle,CenterX,451.063,CenterY,186.895,Side Length,9.12808,Orienation,2.61657,,,,,,,,,,,,,,,,,,,,,,,,,,,,,,,,,,,,,,,,
Polygon,X0,27.7168,Y0,46.7657,X1,162.91,Y1,334.143,X2,43.8309,Y2,204.98,X3,27.7168,Y3,46.7657,,,,,,,,,,,,,,,,,,,,,,,,,,,,,,,,
Equilateral Triangle,CenterX,209.502,CenterY,369.694,Side Length,30.8288,Orienation,4.67496,,,,,,,,,,,,,,,,,,,,,,,,,,,,,,,,,,,,,,,,
Equilateral Triangle,CenterX,149.257,CenterY,223.493,Side Length,56.9957,Orienation,2.02751,,,,,,,,,,,,,,,,,,,,,,,,,,,,,,,,,,,,,,,,
Equilateral Triangle,CenterX,451.633,CenterY,282.961,Side Length,49.1143,Orienation,0.417954,,,,,,,,,,,,,,,,,,,,,,,,,,,,,,,,,,,,,,,,
Equilateral Triangle,CenterX,87.8622,CenterY,250.058,Side Length,6.53312,Orienation,4.57738,,,,,,,,,,,,,,,,,,,,,,,,,,,,,,,,,,,,,,,,
Circle,CenterX,250.091,CenterY,438.516,Radius,39.6834,,,,,,,,,,,,,,,,,,,,,,,,,,,,,,,,,,,,,,,,,,
Circle,CenterX,174.376,CenterY,310.879,Radius,3.62276,,,,,,,,,,,,,,,,,,,,,,,,,,,,,,,,,,,,,,,,,,
Circle,CenterX,444.747,CenterY,175.698,Radius,80.3324,,,,,,,,,,,,,,,,,,,,,,,,,,,,,,,,,,,,,,,,,,
Ellipse,CenterX,495.556,CenterY,422.157,R1,29.3219,R2,44.9,Orienation,2.57557,,,,,,,,,,,,,,,,,,,,,,,,,,,,,,,,,,,,,,
Equilateral Triangle,CenterX,239.534,CenterY,421.112,Side Length,27.0524,Orienation,2.61284,,,,,,,,,,,,,,,,,,,,,,,,,,,,,,,,,,,,,,,,
Ellipse,CenterX,322.042,CenterY,122.162,R1,37.932,R2,32.1205,Orienation,0.628032,,,,,,,,,,,,,,,,,,,,,,,,,,,,,,,,,,,,,,
Circle,CenterX,495.727,CenterY,294.564,Radius,71.775,,,,,,,,,,,,,,,,,,,,,,,,,,,,,,,,,,,,,,,,,,
Circle,CenterX,153.869,CenterY,386.394,Radius,91.8512,,,,,,,,,,,,,,,,,,,,,,,,,,,,,,,,,,,,,,,,,,
Ellipse,CenterX,254.102,CenterY,159.41,R1,17.9013,R2,8.19437,Orienation,3.07254,,,,,,,,,,,,,,,,,,,,,,,,,,,,,,,,,,,,,,
Ellipse,CenterX,485.843,CenterY,364,R1,39.5888,R2,12.8143,Orienation,0.29623,,,,,,,,,,,,,,,,,,,,,,,,,,,,,,,,,,,,,,
Circle,CenterX,130.438,CenterY,25.3547,Radius,11.2828,,,,,,,,,,,,,,,,,,,,,,,,,,,,,,,,,,,,,,,,,,
Circle,CenterX,304.267,CenterY,131.2,Radius,44.7278,,,,,,,,,,,,,,,,,,,,,,,,,,,,,,,,,,,,,,,,,,
Ellipse,CenterX,296.091,CenterY,225.708,R1,4.05108,R2,32.1639,Orienation,1.91401,,,,,,,,,,,,,,,,,,,,,,,,,,,,,,,,,,,,,,
Ellipse,CenterX,405.697,CenterY,56.8164,R1,7.48284,R2,27.8147,Orienation,4.89828,,,,,,,,,,,,,,,,,,,,,,,,,,,,,,,,,,,,,,
Circle,CenterX,349.088,CenterY,89.076,Radius,88.1294,,,,,,,,,,,,,,,,,,,,,,,,,,,,,,,,,,,,,,,,,,
Polygon,X0,49.9338,Y0,20.523,X1,315.231,Y1,85.7735,X2,477.77,Y2,167.712,X3,473.155,Y3,208.102,X4,388.54,Y4,328.088,X5,77.0289,Y5,347.779,X6,49.9338,Y6,20.523,,,,,,,,,,,,,,,,,,,,
Circle,CenterX,395.616,CenterY,22.3476,Radius,80.8685,,,,,,,,,,,,,,,,,,,,,,,,,,,,,,,,,,,,,,,,,,
Square,CenterX,471.249,CenterY,105.467,Side Length,36.6516,Orienation,4.22737,,,,,,,,,,,,,,,,,,,,,,,,,,,,,,,,,,,,,,,,
Circle,CenterX,271.844,CenterY,331.63,Radius,47.7995,,,,,,,,,,,,,,,,,,,,,,,,,,,,,,,,,,,,,,,,,,
Equilateral Triangle,CenterX,329.194,CenterY,388.721,Side Length,5.5985,Orienation,1.30159,,,,,,,,,,,,,,,,,,,,,,,,,,,,,,,,,,,,,,,,
Square,CenterX,177.806,CenterY,34.3585,Side Length,59.1648,Orienation,4.53477,,,,,,,,,,,,,,,,,,,,,,,,,,,,,,,,,,,,,,,,
Ellipse,CenterX,405.129,CenterY,200.334,R1,20.9622,R2,6.2465,Orienation,0.00687171,,,,,,,,,,,,,,,,,,,,,,,,,,,,,,,,,,,,,,
Equilateral Triangle,CenterX,91.0552,CenterY,71.504,Side Length,3.06053,Orienation,5.10713,,,,,,,,,,,,,,,,,,,,,,,,,,,,,,,,,,,,,,,,
Circle,CenterX,152.991,CenterY,301.897,Radius,53.0986,,,,,,,,,,,,,,,,,,,,,,,,,,,,,,,,,,,,,,,,,,
Polygon,X0,411.687,Y0,24.097,X1,458.492,Y1,119.542,X2,437.98,Y2,345.508,X3,421.874,Y3,445.989,X4,161.347,Y4,466.637,X5,5.18282,Y5,474.749,X6,411.687,Y6,24.097,,,,,,,,,,,,,,,,,,,,
Polygon,X0,54.5659,Y0,58.2451,X1,401.538,Y1,264.046,X2,86.1984,Y2,297.946,X3,54.5659,Y3,58.2451,,,,,,,,,,,,,,,,,,,,,,,,,,,,,,,,
Square,CenterX,124.575,CenterY,45.3589,Side Length,31.7484,Orienation,4.78171,,,,,,,,,,,,,,,,,,,,,,,,,,,,,,,,,,,,,,,,
Ellipse,CenterX,70.2265,CenterY,430.008,R1,10.0332,R2,32.4484,Orienation,3.52061,,,,,,,,,,,,,,,,,,,,,,,,,,,,,,,,,,,,,,
Square,CenterX,179.652,CenterY,217.309,Side Length,99.9099,Orienation,4.35929,,,,,,,,,,,,,,,,,,,,,,,,,,,,,,,,,,,,,,,,
Equilateral Triangle,CenterX,258.49,CenterY,27.9077,Side Length,37.6505,Orienation,3.63475,,,,,,,,,,,,,,,,,,,,,,,,,,,,,,,,,,,,,,,,
Square,CenterX,145.694,CenterY,115.55,Side Length,65.2773,Orienation,4.10207,,,,,,,,,,,,,,,,,,,,,,,,,,,,,,,,,,,,,,,,
Ellipse,CenterX,455.621,CenterY,296.408,R1,23.5136,R2,34.1576,Orienation,5.22945,,,,,,,,,,,,,,,,,,,,,,,,,,,,,,,,,,,,,,
Equilateral Triangle,CenterX,224.791,CenterY,3.91514,Side Length,77.4236,Orienation,3.94334,,,,,,,,,,,,,,,,,,,,,,,,,,,,,,,,,,,,,,,,
Circle,CenterX,359.656,CenterY,206.554,Radius,78.6715,,,,,,,,,,,,,,,,,,,,,,,,,,,,,,,,,,,,,,,,,,
Equilateral Triangle,CenterX,137.996,CenterY,2.72365,Side Length,30.5034,Orienation,0.311411,,,,,,,,,,,,,,,,,,,,,,,,,,,,,,,,,,,,,,,,
Ellipse,CenterX,236.753,CenterY,426.115,R1,2.28867,R2,6.71843,Orienation,4.32659,,,,,,,,,,,,,,,,,,,,,,,,,,,,,,,,,,,,,,
Square,CenterX,76.0158,CenterY,369.844,Side Length,98.3196,Orienation,2.57253,,,,,,,,,,,,,,,,,,,,,,,,,,,,,,,,,,,,,,,,
Square,CenterX,445.111,CenterY,131.113,Side Length,63.7423,Orienation,0.901526,,,,,,,,,,,,,,,,,,,,,,,,,,,,,,,,,,,,,,,,
Square,CenterX,234.378,CenterY,207.586,Side Length,54.6832,Orienation,3.64671,,,,,,,,,,,,,,,,,,,,,,,,,,,,,,,,,,,,,,,,
Ellipse,CenterX,162.929,CenterY,144.299,R1,35.7755,R2,30.8555,Orienation,3.00778,,,,,,,,,,,,,,,,,,,,,,,,,,,,,,,,,,,,,,
Polygon,X0,42.7386,Y0,1.55232,X1,134.559,Y1,27.4401,X2,372.331,Y2,145.152,X3,494.404,Y3,242.96,X4,314.58,Y4,440.204,X5,221.458,Y5,460.841,X6,121.049,Y6,464.204,X7,6.76039,Y7,449.249,X8,23.6074,Y8,190.177,X9,42.7386,Y9,1.55232,,,,,,,,
Equilateral Triangle,CenterX,482.884,CenterY,148.688,Side Length,92.1472,Orienation,3.75688,,,,,,,,,,,,,,,,,,,,,,,,,,,,,,,,,,,,,,,,
Equilateral Triangle,CenterX,252.286,CenterY,335.623,Side Length,17.2733,Orienation,0.79334,,,,,,,,,,,,,,,,,,,,,,,,,,,,,,,,,,,,,,,,
Polygon,X0,376.323,Y0,14.3599,X1,474.021,Y1,43.0689,X2,443.932,Y2,417.887,X3,332.979,Y3,448.14,X4,161.771,Y4,463.439,X5,43.0379,Y5,257.201,X6,109.655,Y6,28.082,X7,376.323,Y7,14.3599,,,,,,,,,,,,,,,,
Polygon,X0,492.472,Y0,179.809,X1,351.556,Y1,461.483,X2,151.689,Y2,400.435,X3,95.3069,Y3,338.003,X4,288.51,Y4,192.367,X5,373.946,Y5,183.089,X6,492.472,Y6,179.809,,,,,,,,,,,,,,,,,,,,
Circle,CenterX,9.44146,CenterY,201.386,Radius,27.411,,,,,,,,,,,,,,,,,,,,,,,,,,,,,,,,,,,,,,,,,,
Equilateral Triangle,CenterX,341.965,CenterY,470.535,Side Length,47.2144,Orienation,4.61051,,,,,,,,,,,,,,,,,,,,,,,,,,,,,,,,,,,,,,,,
Polygon,X0,423.7,Y0,42.3014,X1,435.137,Y1,208.849,X2,347.404,Y2,463.64,X3,248.061,Y3,329.393,X4,423.7,Y4,42.3014,,,,,,,,,,,,,,,,,,,,,,,,,,,,
Ellipse,CenterX,111.685,CenterY,477.308,R1,12.3555,R2,48.4914,Orienation,2.1728,,,,,,,,,,,,,,,,,,,,,,,,,,,,,,,,,,,,,,
Ellipse,CenterX,402.321,CenterY,163.221,R1,17.5076,R2,26.9593,Orienation,2.62538,,,,,,,,,,,,,,,,,,,,,,,,,,,,,,,,,,,,,,
Polygon,X0,123.347,Y0,46.6054,X1,439.342,Y1,130.944,X2,94.5719,Y2,388.508,X3,53.299,Y3,241.513,X4,123.347,Y4,46.6054,,,,,,,,,,,,,,,,,,,,,,,,,,,,
Equilateral Triangle,CenterX,55.9367,CenterY,242.199,Side Length,95.1346,Orienation,0.846401,,,,,,,,,,,,,,,,,,,,,,,,,,,,,,,,,,,,,,,,
Polygon,X0,74.9224,Y0,67.094,X1,438.091,Y1,148.489,X2,499.568,Y2,236.809,X3,472.365,Y3,300.975,X4,445.978,Y4,328.716,X5,218.857,Y5,497.559,X6,102.052,Y6,453.829,X7,74.9224,Y7,67.094,,,,,,,,,,,,,,,,
Circle,CenterX,3.38117,CenterY,187.232,Radius,84.288,,,,,,,,,,,,,,,,,,,,,,,,,,,,,,,,,,,,,,,,,,
Equilateral Triangle,CenterX,29.3155,CenterY,172.657,Side Length,79.3499,Orienation,0.0311108,,,,,,,,,,,,,,,,,,,,,,,,,,,,,,,,,,,,,,,,
Ellipse,CenterX,262.909,CenterY,374.343,R1,1.13716,R2,21.8315,Orienation,2.35487,,,,,,,,,,,,,,,,,,,,,,,,,,,,,,,,,,,,,,
Square,CenterX,189.156,CenterY,168.586,Side Length,75.5059,Orienation,5.42804,,,,,,,,,,,,,,,,,,,,,,,,,,,,,,,,,,,,,,,,
Square,CenterX,0,CenterY,0,Side Length,100,Orienation,0,,,,,,,,,,,,,,,,,,,,,,,,,,,,,,,,,,,,,,,,
Square,CenterX,100,CenterY,0,Side Length,100,Orienation,0,,,,,,,,,,,,,,,,,,,,,,,,,,,,,,,,,,,,,,,,
Square,CenterX,0,CenterY,100,Side Length,100,Orienation,0,,,,,,,,,,,,,,,,,,,,,,,,,,,,,,,,,,,,,,,,
